"OSIS_id","Chapter","Verse","ParsingCodePOS","ParsingCodeDetails","TextWithPunctuation","WordWithPunctuationStripped","NormalizedWord","Lemma"
60,01,01,"N","NSM","Πέτρος","Πέτρος","Πέτρος","Πέτρος"
60,01,01,"N","NSM","ἀπόστολος","ἀπόστολος","ἀπόστολος","ἀπόστολος"
60,01,01,"N","GSM","Ἰησοῦ","Ἰησοῦ","Ἰησοῦ","Ἰησοῦς"
60,01,01,"N","GSM","Χριστοῦ","Χριστοῦ","Χριστοῦ","Χριστός"
60,01,01,"A","DPM","ἐκλεκτοῖς","ἐκλεκτοῖς","ἐκλεκτοῖς","ἐκλεκτός"
60,01,01,"A","DPM","παρεπιδήμοις","παρεπιδήμοις","παρεπιδήμοις","παρεπίδημος"
60,01,01,"N","GSF","διασπορᾶς","διασπορᾶς","διασπορᾶς","διασπορά"
60,01,01,"N","GSM","Πόντου,","Πόντου","Πόντου","Πόντος"
60,01,01,"N","GSF","Γαλατίας,","Γαλατίας","Γαλατίας","Γαλατία"
60,01,01,"N","GSF","Καππαδοκίας,","Καππαδοκίας","Καππαδοκίας","Καππαδοκία"
60,01,01,"N","GSF","Ἀσίας,","Ἀσίας","Ἀσίας","Ἀσία"
60,01,01,"C",NULL,"καὶ","καὶ","καί","καί"
60,01,01,"N","GSF","Βιθυνίας,","Βιθυνίας","Βιθυνίας","Βιθυνία"
60,01,02,"P",NULL,"κατὰ","κατὰ","κατά","κατά"
60,01,02,"N","ASF","πρόγνωσιν","πρόγνωσιν","πρόγνωσιν","πρόγνωσις"
60,01,02,"N","GSM","θεοῦ","θεοῦ","θεοῦ","θεός"
60,01,02,"N","GSM","πατρός,","πατρός","πατρός","πατήρ"
60,01,02,"P",NULL,"ἐν","ἐν","ἐν","ἐν"
60,01,02,"N","DSM","ἁγιασμῷ","ἁγιασμῷ","ἁγιασμῷ","ἁγιασμός"
60,01,02,"N","GSN","πνεύματος,","πνεύματος","πνεύματος","πνεῦμα"
60,01,02,"P",NULL,"εἰς","εἰς","εἰς","εἰς"
60,01,02,"N","ASF","ὑπακοὴν","ὑπακοὴν","ὑπακοήν","ὑπακοή"
60,01,02,"C",NULL,"καὶ","καὶ","καί","καί"
60,01,02,"N","ASM","ῥαντισμὸν","ῥαντισμὸν","ῥαντισμόν","ῥαντισμός"
60,01,02,"N","GSN","αἵματος","αἵματος","αἵματος","αἷμα"
60,01,02,"N","GSM","Ἰησοῦ","Ἰησοῦ","Ἰησοῦ","Ἰησοῦς"
60,01,02,"N","GSM","Χριστοῦ·","Χριστοῦ","Χριστοῦ","Χριστός"
60,01,02,"N","NSF","χάρις","χάρις","χάρις","χάρις"
60,01,02,"RP","DP","ὑμῖν","ὑμῖν","ὑμῖν","σύ"
60,01,02,"C",NULL,"καὶ","καὶ","καί","καί"
60,01,02,"N","NSF","εἰρήνη","εἰρήνη","εἰρήνη","εἰρήνη"
60,01,02,"V","3APO-S","πληθυνθείη.","πληθυνθείη","πληθυνθείη","πληθύνω"
60,01,03,"A","NSM","Εὐλογητὸς","Εὐλογητὸς","εὐλογητός","εὐλογητός"
60,01,03,"RA","NSM","ὁ","ὁ","ὁ","ὁ"
60,01,03,"N","NSM","θεὸς","θεὸς","θεός","θεός"
60,01,03,"C",NULL,"καὶ","καὶ","καί","καί"
60,01,03,"N","NSM","πατὴρ","πατὴρ","πατήρ","πατήρ"
60,01,03,"RA","GSM","τοῦ","τοῦ","τοῦ","ὁ"
60,01,03,"N","GSM","κυρίου","κυρίου","κυρίου","κύριος"
60,01,03,"RP","GP","ἡμῶν","ἡμῶν","ἡμῶν","ἐγώ"
60,01,03,"N","GSM","Ἰησοῦ","Ἰησοῦ","Ἰησοῦ","Ἰησοῦς"
60,01,03,"N","GSM","Χριστοῦ,","Χριστοῦ","Χριστοῦ","Χριστός"
60,01,03,"RA","NSM","ὁ","ὁ","ὁ","ὁ"
60,01,03,"P",NULL,"κατὰ","κατὰ","κατά","κατά"
60,01,03,"RA","ASN","τὸ","τὸ","τό","ὁ"
60,01,03,"A","ASN","πολὺ","πολὺ","πολύ","πολύς"
60,01,03,"RP","GSM","αὐτοῦ","αὐτοῦ","αὐτοῦ","αὐτός"
60,01,03,"N","ASN","ἔλεος","ἔλεος","ἔλεος","ἔλεος"
60,01,03,"V","AAPNSM","ἀναγεννήσας","ἀναγεννήσας","ἀναγεννήσας","ἀναγεννάω"
60,01,03,"RP","AP","ἡμᾶς","ἡμᾶς","ἡμᾶς","ἐγώ"
60,01,03,"P",NULL,"εἰς","εἰς","εἰς","εἰς"
60,01,03,"N","ASF","ἐλπίδα","ἐλπίδα","ἐλπίδα","ἐλπίς"
60,01,03,"V","PAPASF","ζῶσαν","ζῶσαν","ζῶσαν","ζάω"
60,01,03,"P",NULL,"δι’","δι’","διά","διά"
60,01,03,"N","GSF","ἀναστάσεως","ἀναστάσεως","ἀναστάσεως","ἀνάστασις"
60,01,03,"N","GSM","Ἰησοῦ","Ἰησοῦ","Ἰησοῦ","Ἰησοῦς"
60,01,03,"N","GSM","Χριστοῦ","Χριστοῦ","Χριστοῦ","Χριστός"
60,01,03,"P",NULL,"ἐκ","ἐκ","ἐκ","ἐκ"
60,01,03,"A","GPM","νεκρῶν,","νεκρῶν","νεκρῶν","νεκρός"
60,01,04,"P",NULL,"εἰς","εἰς","εἰς","εἰς"
60,01,04,"N","ASF","κληρονομίαν","κληρονομίαν","κληρονομίαν","κληρονομία"
60,01,04,"A","ASF","ἄφθαρτον","ἄφθαρτον","ἄφθαρτον","ἄφθαρτος"
60,01,04,"C",NULL,"καὶ","καὶ","καί","καί"
60,01,04,"A","ASF","ἀμίαντον","ἀμίαντον","ἀμίαντον","ἀμίαντος"
60,01,04,"C",NULL,"καὶ","καὶ","καί","καί"
60,01,04,"A","ASF","ἀμάραντον,","ἀμάραντον","ἀμάραντον","ἀμάραντος"
60,01,04,"V","XPPASF","τετηρημένην","τετηρημένην","τετηρημένην","τηρέω"
60,01,04,"P",NULL,"ἐν","ἐν","ἐν","ἐν"
60,01,04,"N","DPM","οὐρανοῖς","οὐρανοῖς","οὐρανοῖς","οὐρανός"
60,01,04,"P",NULL,"εἰς","εἰς","εἰς","εἰς"
60,01,04,"RP","AP","ὑμᾶς","ὑμᾶς","ὑμᾶς","σύ"
60,01,05,"RA","APM","τοὺς","τοὺς","τούς","ὁ"
60,01,05,"P",NULL,"ἐν","ἐν","ἐν","ἐν"
60,01,05,"N","DSF","δυνάμει","δυνάμει","δυνάμει","δύναμις"
60,01,05,"N","GSM","θεοῦ","θεοῦ","θεοῦ","θεός"
60,01,05,"V","PPPAPM","φρουρουμένους","φρουρουμένους","φρουρουμένους","φρουρέω"
60,01,05,"P",NULL,"διὰ","διὰ","διά","διά"
60,01,05,"N","GSF","πίστεως","πίστεως","πίστεως","πίστις"
60,01,05,"P",NULL,"εἰς","εἰς","εἰς","εἰς"
60,01,05,"N","ASF","σωτηρίαν","σωτηρίαν","σωτηρίαν","σωτηρία"
60,01,05,"A","ASF","ἑτοίμην","ἑτοίμην","ἑτοίμην","ἕτοιμος"
60,01,05,"V","APN","ἀποκαλυφθῆναι","ἀποκαλυφθῆναι","ἀποκαλυφθῆναι","ἀποκαλύπτω"
60,01,05,"P",NULL,"ἐν","ἐν","ἐν","ἐν"
60,01,05,"N","DSM","καιρῷ","καιρῷ","καιρῷ","καιρός"
60,01,05,"A","DSM","ἐσχάτῳ.","ἐσχάτῳ","ἐσχάτῳ","ἔσχατος"
60,01,06,"P",NULL,"ἐν","ἐν","ἐν","ἐν"
60,01,06,"RR","DSM","ᾧ","ᾧ","ᾧ","ὅς"
60,01,06,"V","2PMI-P","ἀγαλλιᾶσθε,","ἀγαλλιᾶσθε","ἀγαλλιᾶσθε","ἀγαλλιάω"
60,01,06,"A","ASN","ὀλίγον","ὀλίγον","ὀλίγον","ὀλίγος"
60,01,06,"D",NULL,"ἄρτι","ἄρτι","ἄρτι","ἄρτι"
60,01,06,"C",NULL,"εἰ","εἰ","εἰ","εἰ"
60,01,06,"V","PAPNSN","⸀δέον","δέον","δέον","δέω"
60,01,06,"V","APPNPM","λυπηθέντες","λυπηθέντες","λυπηθέντες","λυπέω"
60,01,06,"P",NULL,"ἐν","ἐν","ἐν","ἐν"
60,01,06,"A","DPM","ποικίλοις","ποικίλοις","ποικίλοις","ποικίλος"
60,01,06,"N","DPM","πειρασμοῖς,","πειρασμοῖς","πειρασμοῖς","πειρασμός"
60,01,07,"C",NULL,"ἵνα","ἵνα","ἵνα","ἵνα"
60,01,07,"RA","NSN","τὸ","τὸ","τό","ὁ"
60,01,07,"N","NSN","δοκίμιον","δοκίμιον","δοκίμιον","δοκίμιον"
60,01,07,"RP","GP","ὑμῶν","ὑμῶν","ὑμῶν","σύ"
60,01,07,"RA","GSF","τῆς","τῆς","τῆς","ὁ"
60,01,07,"N","GSF","πίστεως","πίστεως","πίστεως","πίστις"
60,01,07,"A","NSNC","⸀πολυτιμότερον","πολυτιμότερον","πολυτιμότερον","πολύτιμος"
60,01,07,"N","GSN","χρυσίου","χρυσίου","χρυσίου","χρυσίον"
60,01,07,"RA","GSN","τοῦ","τοῦ","τοῦ","ὁ"
60,01,07,"V","PMPGSN","ἀπολλυμένου","ἀπολλυμένου","ἀπολλυμένου","ἀπόλλυμι"
60,01,07,"P",NULL,"διὰ","διὰ","διά","διά"
60,01,07,"N","GSN","πυρὸς","πυρὸς","πυρός","πῦρ"
60,01,07,"C",NULL,"δὲ","δὲ","δέ","δέ"
60,01,07,"V","PPPGSN","δοκιμαζομένου","δοκιμαζομένου","δοκιμαζομένου","δοκιμάζω"
60,01,07,"V","3APS-S","εὑρεθῇ","εὑρεθῇ","εὑρεθῇ","εὑρίσκω"
60,01,07,"P",NULL,"εἰς","εἰς","εἰς","εἰς"
60,01,07,"N","ASM","ἔπαινον","ἔπαινον","ἔπαινον","ἔπαινος"
60,01,07,"C",NULL,"καὶ","καὶ","καί","καί"
60,01,07,"N","ASF","⸂δόξαν","δόξαν","δόξαν","δόξα"
60,01,07,"C",NULL,"καὶ","καὶ","καί","καί"
60,01,07,"N","ASF","τιμὴν⸃","τιμὴν","τιμήν","τιμή"
60,01,07,"P",NULL,"ἐν","ἐν","ἐν","ἐν"
60,01,07,"N","DSF","ἀποκαλύψει","ἀποκαλύψει","ἀποκαλύψει","ἀποκάλυψις"
60,01,07,"N","GSM","Ἰησοῦ","Ἰησοῦ","Ἰησοῦ","Ἰησοῦς"
60,01,07,"N","GSM","Χριστοῦ.","Χριστοῦ","Χριστοῦ","Χριστός"
60,01,08,"RR","ASM","ὃν","ὃν","ὅν","ὅς"
60,01,08,"D",NULL,"οὐκ","οὐκ","οὐ","οὐ"
60,01,08,"V","AAPNPM","⸀ἰδόντες","ἰδόντες","ἰδόντες","ὁράω"
60,01,08,"V","2PAI-P","ἀγαπᾶτε,","ἀγαπᾶτε","ἀγαπᾶτε","ἀγαπάω"
60,01,08,"P",NULL,"εἰς","εἰς","εἰς","εἰς"
60,01,08,"RR","ASM","ὃν","ὃν","ὅν","ὅς"
60,01,08,"D",NULL,"ἄρτι","ἄρτι","ἄρτι","ἄρτι"
60,01,08,"D",NULL,"μὴ","μὴ","μή","μή"
60,01,08,"V","PAPNPM","ὁρῶντες","ὁρῶντες","ὁρῶντες","ὁράω"
60,01,08,"V","PAPNPM","πιστεύοντες","πιστεύοντες","πιστεύοντες","πιστεύω"
60,01,08,"C",NULL,"δὲ","δὲ","δέ","δέ"
60,01,08,"V","2PMI-P","⸀ἀγαλλιᾶσθε","ἀγαλλιᾶσθε","ἀγαλλιᾶσθε","ἀγαλλιάω"
60,01,08,"N","DSF","χαρᾷ","χαρᾷ","χαρᾷ","χαρά"
60,01,08,"A","DSF","ἀνεκλαλήτῳ","ἀνεκλαλήτῳ","ἀνεκλαλήτῳ","ἀνεκλάλητος"
60,01,08,"C",NULL,"καὶ","καὶ","καί","καί"
60,01,08,"V","XPPDSF","δεδοξασμένῃ,","δεδοξασμένῃ","δεδοξασμένῃ","δοξάζω"
60,01,09,"V","PMPNPM","κομιζόμενοι","κομιζόμενοι","κομιζόμενοι","κομίζω"
60,01,09,"RA","ASN","τὸ","τὸ","τό","ὁ"
60,01,09,"N","ASN","τέλος","τέλος","τέλος","τέλος"
60,01,09,"RA","GSF","τῆς","τῆς","τῆς","ὁ"
60,01,09,"N","GSF","πίστεως","πίστεως","πίστεως","πίστις"
60,01,09,"RP","GP","⸀ὑμῶν","ὑμῶν","ὑμῶν","σύ"
60,01,09,"N","ASF","σωτηρίαν","σωτηρίαν","σωτηρίαν","σωτηρία"
60,01,09,"N","GPF","ψυχῶν.","ψυχῶν","ψυχῶν","ψυχή"
60,01,10,"P",NULL,"Περὶ","Περὶ","περί","περί"
60,01,10,"RR","GSF","ἧς","ἧς","ἧς","ὅς"
60,01,10,"N","GSF","σωτηρίας","σωτηρίας","σωτηρίας","σωτηρία"
60,01,10,"V","3AAI-P","ἐξεζήτησαν","ἐξεζήτησαν","ἐξεζήτησαν","ἐκζητέω"
60,01,10,"C",NULL,"καὶ","καὶ","καί","καί"
60,01,10,"V","3AAI-P","ἐξηραύνησαν","ἐξηραύνησαν","ἐξηραύνησαν","ἐξεραυνάω"
60,01,10,"N","NPM","προφῆται","προφῆται","προφῆται","προφήτης"
60,01,10,"RA","NPM","οἱ","οἱ","οἱ","ὁ"
60,01,10,"P",NULL,"περὶ","περὶ","περί","περί"
60,01,10,"RA","GSF","τῆς","τῆς","τῆς","ὁ"
60,01,10,"P",NULL,"εἰς","εἰς","εἰς","εἰς"
60,01,10,"RP","AP","ὑμᾶς","ὑμᾶς","ὑμᾶς","σύ"
60,01,10,"N","GSF","χάριτος","χάριτος","χάριτος","χάρις"
60,01,10,"V","AAPNPM","προφητεύσαντες,","προφητεύσαντες","προφητεύσαντες","προφητεύω"
60,01,11,"V","PAPNPM","ἐραυνῶντες","ἐραυνῶντες","ἐραυνῶντες","ἐραυνάω"
60,01,11,"P",NULL,"εἰς","εἰς","εἰς","εἰς"
60,01,11,"RI","ASM","τίνα","τίνα","τίνα","τίς"
60,01,11,"C",NULL,"ἢ","ἢ","ἤ","ἤ"
60,01,11,"RI","ASM","ποῖον","ποῖον","ποῖον","ποῖος"
60,01,11,"N","ASM","καιρὸν","καιρὸν","καιρόν","καιρός"
60,01,11,"V","3IAI-S","ἐδήλου","ἐδήλου","ἐδήλου","δηλόω"
60,01,11,"RA","NSN","τὸ","τὸ","τό","ὁ"
60,01,11,"P",NULL,"ἐν","ἐν","ἐν","ἐν"
60,01,11,"RP","DPM","αὐτοῖς","αὐτοῖς","αὐτοῖς","αὐτός"
60,01,11,"N","NSN","πνεῦμα","πνεῦμα","πνεῦμα","πνεῦμα"
60,01,11,"N","GSM","Χριστοῦ","Χριστοῦ","Χριστοῦ","Χριστός"
60,01,11,"V","PMPNSN","προμαρτυρόμενον","προμαρτυρόμενον","προμαρτυρόμενον","προμαρτύρομαι"
60,01,11,"RA","APN","τὰ","τὰ","τά","ὁ"
60,01,11,"P",NULL,"εἰς","εἰς","εἰς","εἰς"
60,01,11,"N","ASM","Χριστὸν","Χριστὸν","Χριστόν","Χριστός"
60,01,11,"N","APN","παθήματα","παθήματα","παθήματα","πάθημα"
60,01,11,"C",NULL,"καὶ","καὶ","καί","καί"
60,01,11,"RA","APF","τὰς","τὰς","τάς","ὁ"
60,01,11,"P",NULL,"μετὰ","μετὰ","μετά","μετά"
60,01,11,"RD","APN","ταῦτα","ταῦτα","ταῦτα","οὗτος"
60,01,11,"N","APF","δόξας·","δόξας","δόξας","δόξα"
60,01,12,"RR","DPM","οἷς","οἷς","οἷς","ὅς"
60,01,12,"V","3API-S","ἀπεκαλύφθη","ἀπεκαλύφθη","ἀπεκαλύφθη","ἀποκαλύπτω"
60,01,12,"C",NULL,"ὅτι","ὅτι","ὅτι","ὅτι"
60,01,12,"D",NULL,"οὐχ","οὐχ","οὐ","οὐ"
60,01,12,"RP","DPM","ἑαυτοῖς","ἑαυτοῖς","ἑαυτοῖς","ἑαυτοῦ"
60,01,12,"RP","DP","ὑμῖν","ὑμῖν","ὑμῖν","σύ"
60,01,12,"C",NULL,"δὲ","δὲ","δέ","δέ"
60,01,12,"V","3IAI-P","διηκόνουν","διηκόνουν","διηκόνουν","διακονέω"
60,01,12,"RP","APN","αὐτά,","αὐτά","αὐτά","αὐτός"
60,01,12,"RR","NPN","ἃ","ἃ","ἅ","ὅς"
60,01,12,"D",NULL,"νῦν","νῦν","νῦν","νῦν"
60,01,12,"V","3API-S","ἀνηγγέλη","ἀνηγγέλη","ἀνηγγέλη","ἀναγγέλλω"
60,01,12,"RP","DP","ὑμῖν","ὑμῖν","ὑμῖν","σύ"
60,01,12,"P",NULL,"διὰ","διὰ","διά","διά"
60,01,12,"RA","GPM","τῶν","τῶν","τῶν","ὁ"
60,01,12,"V","AMPGPM","εὐαγγελισαμένων","εὐαγγελισαμένων","εὐαγγελισαμένων","εὐαγγελίζω"
60,01,12,"RP","AP","⸀ὑμᾶς","ὑμᾶς","ὑμᾶς","σύ"
60,01,12,"N","DSN","πνεύματι","πνεύματι","πνεύματι","πνεῦμα"
60,01,12,"A","DSN","ἁγίῳ","ἁγίῳ","ἁγίῳ","ἅγιος"
60,01,12,"V","APPDSN","ἀποσταλέντι","ἀποσταλέντι","ἀποσταλέντι","ἀποστέλλω"
60,01,12,"P",NULL,"ἀπ’","ἀπ’","ἀπό","ἀπό"
60,01,12,"N","GSM","οὐρανοῦ,","οὐρανοῦ","οὐρανοῦ","οὐρανός"
60,01,12,"P",NULL,"εἰς","εἰς","εἰς","εἰς"
60,01,12,"RR","APN","ἃ","ἃ","ἅ","ὅς"
60,01,12,"V","3PAI-P","ἐπιθυμοῦσιν","ἐπιθυμοῦσιν","ἐπιθυμοῦσι(ν)","ἐπιθυμέω"
60,01,12,"N","NPM","ἄγγελοι","ἄγγελοι","ἄγγελοι","ἄγγελος"
60,01,12,"V","AAN","παρακύψαι.","παρακύψαι","παρακύψαι","παρακύπτω"
60,01,13,"C",NULL,"Διὸ","Διὸ","διό","διό"
60,01,13,"V","AMPNPM","ἀναζωσάμενοι","ἀναζωσάμενοι","ἀναζωσάμενοι","ἀναζώννυμι"
60,01,13,"RA","APF","τὰς","τὰς","τάς","ὁ"
60,01,13,"N","APF","ὀσφύας","ὀσφύας","ὀσφύας","ὀσφύς"
60,01,13,"RA","GSF","τῆς","τῆς","τῆς","ὁ"
60,01,13,"N","GSF","διανοίας","διανοίας","διανοίας","διάνοια"
60,01,13,"RP","GP","ὑμῶν,","ὑμῶν","ὑμῶν","σύ"
60,01,13,"V","PAPNPM","νήφοντες","νήφοντες","νήφοντες","νήφω"
60,01,13,"D",NULL,"τελείως,","τελείως","τελείως","τελείως"
60,01,13,"V","2AAD-P","ἐλπίσατε","ἐλπίσατε","ἐλπίσατε","ἐλπίζω"
60,01,13,"P",NULL,"ἐπὶ","ἐπὶ","ἐπί","ἐπί"
60,01,13,"RA","ASF","τὴν","τὴν","τήν","ὁ"
60,01,13,"V","PPPASF","φερομένην","φερομένην","φερομένην","φέρω"
60,01,13,"RP","DP","ὑμῖν","ὑμῖν","ὑμῖν","σύ"
60,01,13,"N","ASF","χάριν","χάριν","χάριν","χάρις"
60,01,13,"P",NULL,"ἐν","ἐν","ἐν","ἐν"
60,01,13,"N","DSF","ἀποκαλύψει","ἀποκαλύψει","ἀποκαλύψει","ἀποκάλυψις"
60,01,13,"N","GSM","Ἰησοῦ","Ἰησοῦ","Ἰησοῦ","Ἰησοῦς"
60,01,13,"N","GSM","Χριστοῦ.","Χριστοῦ","Χριστοῦ","Χριστός"
60,01,14,"C",NULL,"ὡς","ὡς","ὡς","ὡς"
60,01,14,"N","NPN","τέκνα","τέκνα","τέκνα","τέκνον"
60,01,14,"N","GSF","ὑπακοῆς,","ὑπακοῆς","ὑπακοῆς","ὑπακοή"
60,01,14,"D",NULL,"μὴ","μὴ","μή","μή"
60,01,14,"V","PMPNPM","συσχηματιζόμενοι","συσχηματιζόμενοι","συσχηματιζόμενοι","συσχηματίζομαι"
60,01,14,"RA","DPF","ταῖς","ταῖς","ταῖς","ὁ"
60,01,14,"A","ASNC","πρότερον","πρότερον","πρότερον","πρότερος"
60,01,14,"P",NULL,"ἐν","ἐν","ἐν","ἐν"
60,01,14,"RA","DSF","τῇ","τῇ","τῇ","ὁ"
60,01,14,"N","DSF","ἀγνοίᾳ","ἀγνοίᾳ","ἀγνοίᾳ","ἄγνοια"
60,01,14,"RP","GP","ὑμῶν","ὑμῶν","ὑμῶν","σύ"
60,01,14,"N","DPF","ἐπιθυμίαις,","ἐπιθυμίαις","ἐπιθυμίαις","ἐπιθυμία"
60,01,15,"C",NULL,"ἀλλὰ","ἀλλὰ","ἀλλά","ἀλλά"
60,01,15,"P",NULL,"κατὰ","κατὰ","κατά","κατά"
60,01,15,"RA","ASM","τὸν","τὸν","τόν","ὁ"
60,01,15,"V","AAPASM","καλέσαντα","καλέσαντα","καλέσαντα","καλέω"
60,01,15,"RP","AP","ὑμᾶς","ὑμᾶς","ὑμᾶς","σύ"
60,01,15,"A","ASM","ἅγιον","ἅγιον","ἅγιον","ἅγιος"
60,01,15,"D",NULL,"καὶ","καὶ","καί","καί"
60,01,15,"RP","NPM","αὐτοὶ","αὐτοὶ","αὐτοί","αὐτός"
60,01,15,"A","NPM","ἅγιοι","ἅγιοι","ἅγιοι","ἅγιος"
60,01,15,"P",NULL,"ἐν","ἐν","ἐν","ἐν"
60,01,15,"A","DSF","πάσῃ","πάσῃ","πάσῃ","πᾶς"
60,01,15,"N","DSF","ἀναστροφῇ","ἀναστροφῇ","ἀναστροφῇ","ἀναστροφή"
60,01,15,"V","2APD-P","γενήθητε,","γενήθητε","γενήθητε","γίνομαι"
60,01,16,"C",NULL,"διότι","διότι","διότι","διότι"
60,01,16,"V","3XPI-S","γέγραπται","γέγραπται","γέγραπται","γράφω"
60,01,16,"C",NULL,"⸀ὅτι","ὅτι","ὅτι","ὅτι"
60,01,16,"A","NPM","Ἅγιοι","Ἅγιοι","ἅγιοι","ἅγιος"
60,01,16,"V","2FMI-P","⸀ἔσεσθε,","ἔσεσθε","ἔσεσθε","εἰμί"
60,01,16,"C",NULL,"ὅτι","ὅτι","ὅτι","ὅτι"
60,01,16,"RP","NS","ἐγὼ","ἐγὼ","ἐγώ","ἐγώ"
60,01,16,"A","NSM","⸀ἅγιος.","ἅγιος","ἅγιος","ἅγιος"
60,01,17,"C",NULL,"Καὶ","Καὶ","καί","καί"
60,01,17,"C",NULL,"εἰ","εἰ","εἰ","εἰ"
60,01,17,"N","ASM","πατέρα","πατέρα","πατέρα","πατήρ"
60,01,17,"V","2PMI-P","ἐπικαλεῖσθε","ἐπικαλεῖσθε","ἐπικαλεῖσθε","ἐπικαλέω"
60,01,17,"RA","ASM","τὸν","τὸν","τόν","ὁ"
60,01,17,"D",NULL,"ἀπροσωπολήμπτως","ἀπροσωπολήμπτως","ἀπροσωπολήμπτως","ἀπροσωπολήμπτως"
60,01,17,"V","PAPASM","κρίνοντα","κρίνοντα","κρίνοντα","κρίνω"
60,01,17,"P",NULL,"κατὰ","κατὰ","κατά","κατά"
60,01,17,"RA","ASN","τὸ","τὸ","τό","ὁ"
60,01,17,"A","GSM","ἑκάστου","ἑκάστου","ἑκάστου","ἕκαστος"
60,01,17,"N","ASN","ἔργον,","ἔργον","ἔργον","ἔργον"
60,01,17,"P",NULL,"ἐν","ἐν","ἐν","ἐν"
60,01,17,"N","DSM","φόβῳ","φόβῳ","φόβῳ","φόβος"
60,01,17,"RA","ASM","τὸν","τὸν","τόν","ὁ"
60,01,17,"RA","GSF","τῆς","τῆς","τῆς","ὁ"
60,01,17,"N","GSF","παροικίας","παροικίας","παροικίας","παροικία"
60,01,17,"RP","GP","ὑμῶν","ὑμῶν","ὑμῶν","σύ"
60,01,17,"N","ASM","χρόνον","χρόνον","χρόνον","χρόνος"
60,01,17,"V","2APD-P","ἀναστράφητε·","ἀναστράφητε","ἀναστράφητε","ἀναστρέφω"
60,01,18,"V","XAPNPM","εἰδότες","εἰδότες","εἰδότες","οἶδα"
60,01,18,"C",NULL,"ὅτι","ὅτι","ὅτι","ὅτι"
60,01,18,"D",NULL,"οὐ","οὐ","οὐ","οὐ"
60,01,18,"A","DPN","φθαρτοῖς,","φθαρτοῖς","φθαρτοῖς","φθαρτός"
60,01,18,"N","DSN","ἀργυρίῳ","ἀργυρίῳ","ἀργυρίῳ","ἀργύριον"
60,01,18,"C",NULL,"ἢ","ἢ","ἤ","ἤ"
60,01,18,"N","DSN","χρυσίῳ,","χρυσίῳ","χρυσίῳ","χρυσίον"
60,01,18,"V","2API-P","ἐλυτρώθητε","ἐλυτρώθητε","ἐλυτρώθητε","λυτρόομαι"
60,01,18,"P",NULL,"ἐκ","ἐκ","ἐκ","ἐκ"
60,01,18,"RA","GSF","τῆς","τῆς","τῆς","ὁ"
60,01,18,"A","GSF","ματαίας","ματαίας","ματαίας","μάταιος"
60,01,18,"RP","GP","ὑμῶν","ὑμῶν","ὑμῶν","σύ"
60,01,18,"N","GSF","ἀναστροφῆς","ἀναστροφῆς","ἀναστροφῆς","ἀναστροφή"
60,01,18,"A","GSF","πατροπαραδότου,","πατροπαραδότου","πατροπαραδότου","πατροπαράδοτος"
60,01,19,"C",NULL,"ἀλλὰ","ἀλλὰ","ἀλλά","ἀλλά"
60,01,19,"A","DSN","τιμίῳ","τιμίῳ","τιμίῳ","τίμιος"
60,01,19,"N","DSN","αἵματι","αἵματι","αἵματι","αἷμα"
60,01,19,"C",NULL,"ὡς","ὡς","ὡς","ὡς"
60,01,19,"N","GSM","ἀμνοῦ","ἀμνοῦ","ἀμνοῦ","ἀμνός"
60,01,19,"A","GSM","ἀμώμου","ἀμώμου","ἀμώμου","ἄμωμος"
60,01,19,"C",NULL,"καὶ","καὶ","καί","καί"
60,01,19,"A","GSM","ἀσπίλου","ἀσπίλου","ἀσπίλου","ἄσπιλος"
60,01,19,"N","GSM","Χριστοῦ,","Χριστοῦ","Χριστοῦ","Χριστός"
60,01,20,"V","XPPGSM","προεγνωσμένου","προεγνωσμένου","προεγνωσμένου","προγινώσκω"
60,01,20,"C",NULL,"μὲν","μὲν","μέν","μέν"
60,01,20,"P",NULL,"πρὸ","πρὸ","πρό","πρό"
60,01,20,"N","GSF","καταβολῆς","καταβολῆς","καταβολῆς","καταβολή"
60,01,20,"N","GSM","κόσμου,","κόσμου","κόσμου","κόσμος"
60,01,20,"V","APPGSM","φανερωθέντος","φανερωθέντος","φανερωθέντος","φανερόω"
60,01,20,"C",NULL,"δὲ","δὲ","δέ","δέ"
60,01,20,"P",NULL,"ἐπ’","ἐπ’","ἐπί","ἐπί"
60,01,20,"A","GSM","⸀ἐσχάτου","ἐσχάτου","ἐσχάτου","ἔσχατος"
60,01,20,"RA","GPM","τῶν","τῶν","τῶν","ὁ"
60,01,20,"N","GPM","χρόνων","χρόνων","χρόνων","χρόνος"
60,01,20,"P",NULL,"δι’","δι’","διά","διά"
60,01,20,"RP","AP","ὑμᾶς","ὑμᾶς","ὑμᾶς","σύ"
60,01,21,"RA","APM","τοὺς","τοὺς","τούς","ὁ"
60,01,21,"P",NULL,"δι’","δι’","διά","διά"
60,01,21,"RP","GSM","αὐτοῦ","αὐτοῦ","αὐτοῦ","αὐτός"
60,01,21,"A","APM","⸀πιστοὺς","πιστοὺς","πιστούς","πιστός"
60,01,21,"P",NULL,"εἰς","εἰς","εἰς","εἰς"
60,01,21,"N","ASM","θεὸν","θεὸν","θεόν","θεός"
60,01,21,"RA","ASM","τὸν","τὸν","τόν","ὁ"
60,01,21,"V","AAPASM","ἐγείραντα","ἐγείραντα","ἐγείραντα","ἐγείρω"
60,01,21,"RP","ASM","αὐτὸν","αὐτὸν","αὐτόν","αὐτός"
60,01,21,"P",NULL,"ἐκ","ἐκ","ἐκ","ἐκ"
60,01,21,"A","GPM","νεκρῶν","νεκρῶν","νεκρῶν","νεκρός"
60,01,21,"C",NULL,"καὶ","καὶ","καί","καί"
60,01,21,"N","ASF","δόξαν","δόξαν","δόξαν","δόξα"
60,01,21,"RP","DSM","αὐτῷ","αὐτῷ","αὐτῷ","αὐτός"
60,01,21,"V","AAPASM","δόντα,","δόντα","δόντα","δίδωμι"
60,01,21,"C",NULL,"ὥστε","ὥστε","ὥστε","ὥστε"
60,01,21,"RA","ASF","τὴν","τὴν","τήν","ὁ"
60,01,21,"N","ASF","πίστιν","πίστιν","πίστιν","πίστις"
60,01,21,"RP","GP","ὑμῶν","ὑμῶν","ὑμῶν","σύ"
60,01,21,"C",NULL,"καὶ","καὶ","καί","καί"
60,01,21,"N","ASF","ἐλπίδα","ἐλπίδα","ἐλπίδα","ἐλπίς"
60,01,21,"V","PAN","εἶναι","εἶναι","εἶναι","εἰμί"
60,01,21,"P",NULL,"εἰς","εἰς","εἰς","εἰς"
60,01,21,"N","ASM","θεόν.","θεόν","θεόν","θεός"
60,01,22,"RA","APF","Τὰς","Τὰς","τάς","ὁ"
60,01,22,"N","APF","ψυχὰς","ψυχὰς","ψυχάς","ψυχή"
60,01,22,"RP","GP","ὑμῶν","ὑμῶν","ὑμῶν","σύ"
60,01,22,"V","XAPNPM","ἡγνικότες","ἡγνικότες","ἡγνικότες","ἁγνίζω"
60,01,22,"P",NULL,"ἐν","ἐν","ἐν","ἐν"
60,01,22,"RA","DSF","τῇ","τῇ","τῇ","ὁ"
60,01,22,"N","DSF","ὑπακοῇ","ὑπακοῇ","ὑπακοῇ","ὑπακοή"
60,01,22,"RA","GSF","τῆς","τῆς","τῆς","ὁ"
60,01,22,"N","GSF","⸀ἀληθείας","ἀληθείας","ἀληθείας","ἀλήθεια"
60,01,22,"P",NULL,"εἰς","εἰς","εἰς","εἰς"
60,01,22,"N","ASF","φιλαδελφίαν","φιλαδελφίαν","φιλαδελφίαν","φιλαδελφία"
60,01,22,"A","ASF","ἀνυπόκριτον","ἀνυπόκριτον","ἀνυπόκριτον","ἀνυπόκριτος"
60,01,22,"P",NULL,"⸀ἐκ","ἐκ","ἐκ","ἐκ"
60,01,22,"N","GSF","καρδίας","καρδίας","καρδίας","καρδία"
60,01,22,"RP","APM","ἀλλήλους","ἀλλήλους","ἀλλήλους","ἀλλήλων"
60,01,22,"V","2AAD-P","ἀγαπήσατε","ἀγαπήσατε","ἀγαπήσατε","ἀγαπάω"
60,01,22,"D",NULL,"ἐκτενῶς,","ἐκτενῶς","ἐκτενῶς","ἐκτενῶς"
60,01,23,"V","XPPNPM","ἀναγεγεννημένοι","ἀναγεγεννημένοι","ἀναγεγεννημένοι","ἀναγεννάω"
60,01,23,"D",NULL,"οὐκ","οὐκ","οὐ","οὐ"
60,01,23,"P",NULL,"ἐκ","ἐκ","ἐκ","ἐκ"
60,01,23,"N","GSF","σπορᾶς","σπορᾶς","σπορᾶς","σπορά"
60,01,23,"A","GSF","φθαρτῆς","φθαρτῆς","φθαρτῆς","φθαρτός"
60,01,23,"C",NULL,"ἀλλὰ","ἀλλὰ","ἀλλά","ἀλλά"
60,01,23,"A","GSF","ἀφθάρτου,","ἀφθάρτου","ἀφθάρτου","ἄφθαρτος"
60,01,23,"P",NULL,"διὰ","διὰ","διά","διά"
60,01,23,"N","GSM","λόγου","λόγου","λόγου","λόγος"
60,01,23,"V","PAPGSM","ζῶντος","ζῶντος","ζῶντος","ζάω"
60,01,23,"N","GSM","θεοῦ","θεοῦ","θεοῦ","θεός"
60,01,23,"C",NULL,"καὶ","καὶ","καί","καί"
60,01,23,"V","PAPGSM","⸀μένοντος·","μένοντος","μένοντος","μένω"
60,01,24,"C",NULL,"διότι","διότι","διότι","διότι"
60,01,24,"A","NSF","πᾶσα","πᾶσα","πᾶσα","πᾶς"
60,01,24,"N","NSF","σὰρξ","σὰρξ","σάρξ","σάρξ"
60,01,24,"C",NULL,"ὡς","ὡς","ὡς","ὡς"
60,01,24,"N","NSM","χόρτος,","χόρτος","χόρτος","χόρτος"
60,01,24,"C",NULL,"καὶ","καὶ","καί","καί"
60,01,24,"A","NSF","πᾶσα","πᾶσα","πᾶσα","πᾶς"
60,01,24,"N","NSF","δόξα","δόξα","δόξα","δόξα"
60,01,24,"RP","GSF","⸀αὐτῆς","αὐτῆς","αὐτῆς","αὐτός"
60,01,24,"C",NULL,"ὡς","ὡς","ὡς","ὡς"
60,01,24,"N","NSN","ἄνθος","ἄνθος","ἄνθος","ἄνθος"
60,01,24,"N","GSM","χόρτου·","χόρτου","χόρτου","χόρτος"
60,01,24,"V","3API-S","ἐξηράνθη","ἐξηράνθη","ἐξηράνθη","ξηραίνω"
60,01,24,"RA","NSM","ὁ","ὁ","ὁ","ὁ"
60,01,24,"N","NSM","χόρτος,","χόρτος","χόρτος","χόρτος"
60,01,24,"C",NULL,"καὶ","καὶ","καί","καί"
60,01,24,"RA","NSN","τὸ","τὸ","τό","ὁ"
60,01,24,"N","NSN","⸀ἄνθος","ἄνθος","ἄνθος","ἄνθος"
60,01,24,"V","3AAI-S","ἐξέπεσεν·","ἐξέπεσεν","ἐξέπεσε(ν)","ἐκπίπτω"
60,01,25,"RA","NSN","τὸ","τὸ","τό","ὁ"
60,01,25,"C",NULL,"δὲ","δὲ","δέ","δέ"
60,01,25,"N","NSN","ῥῆμα","ῥῆμα","ῥῆμα","ῥῆμα"
60,01,25,"N","GSM","κυρίου","κυρίου","κυρίου","κύριος"
60,01,25,"V","3PAI-S","μένει","μένει","μένει","μένω"
60,01,25,"P",NULL,"εἰς","εἰς","εἰς","εἰς"
60,01,25,"RA","ASM","τὸν","τὸν","τόν","ὁ"
60,01,25,"N","ASM","αἰῶνα.","αἰῶνα","αἰῶνα","αἰών"
60,01,25,"RD","NSN","τοῦτο","τοῦτο","τοῦτο","οὗτος"
60,01,25,"C",NULL,"δέ","δέ","δέ","δέ"
60,01,25,"V","3PAI-S","ἐστιν","ἐστιν","ἐστί(ν)","εἰμί"
60,01,25,"RA","NSN","τὸ","τὸ","τό","ὁ"
60,01,25,"N","NSN","ῥῆμα","ῥῆμα","ῥῆμα","ῥῆμα"
60,01,25,"RA","NSN","τὸ","τὸ","τό","ὁ"
60,01,25,"V","APPNSN","εὐαγγελισθὲν","εὐαγγελισθὲν","εὐαγγελισθέν","εὐαγγελίζω"
60,01,25,"P",NULL,"εἰς","εἰς","εἰς","εἰς"
60,01,25,"RP","AP","ὑμᾶς.","ὑμᾶς","ὑμᾶς","σύ"
60,02,01,"V","AMPNPM","Ἀποθέμενοι","Ἀποθέμενοι","ἀποθέμενοι","ἀποτίθημι"
60,02,01,"C",NULL,"οὖν","οὖν","οὖν","οὖν"
60,02,01,"A","ASF","πᾶσαν","πᾶσαν","πᾶσαν","πᾶς"
60,02,01,"N","ASF","κακίαν","κακίαν","κακίαν","κακία"
60,02,01,"C",NULL,"καὶ","καὶ","καί","καί"
60,02,01,"A","ASM","πάντα","πάντα","πάντα","πᾶς"
60,02,01,"N","ASM","δόλον","δόλον","δόλον","δόλος"
60,02,01,"C",NULL,"καὶ","καὶ","καί","καί"
60,02,01,"N","APF","⸀ὑποκρίσεις","ὑποκρίσεις","ὑποκρίσεις","ὑπόκρισις"
60,02,01,"C",NULL,"καὶ","καὶ","καί","καί"
60,02,01,"N","APM","φθόνους","φθόνους","φθόνους","φθόνος"
60,02,01,"C",NULL,"καὶ","καὶ","καί","καί"
60,02,01,"A","APF","πάσας","πάσας","πάσας","πᾶς"
60,02,01,"N","APF","καταλαλιάς,","καταλαλιάς","καταλαλιάς","καταλαλιά"
60,02,02,"C",NULL,"ὡς","ὡς","ὡς","ὡς"
60,02,02,"A","NPN","ἀρτιγέννητα","ἀρτιγέννητα","ἀρτιγέννητα","ἀρτιγέννητος"
60,02,02,"N","NPN","βρέφη","βρέφη","βρέφη","βρέφος"
60,02,02,"RA","ASN","τὸ","τὸ","τό","ὁ"
60,02,02,"A","ASN","λογικὸν","λογικὸν","λογικόν","λογικός"
60,02,02,"A","ASN","ἄδολον","ἄδολον","ἄδολον","ἄδολος"
60,02,02,"N","ASN","γάλα","γάλα","γάλα","γάλα"
60,02,02,"V","2AAD-P","ἐπιποθήσατε,","ἐπιποθήσατε","ἐπιποθήσατε","ἐπιποθέω"
60,02,02,"C",NULL,"ἵνα","ἵνα","ἵνα","ἵνα"
60,02,02,"P",NULL,"ἐν","ἐν","ἐν","ἐν"
60,02,02,"RP","DSN","αὐτῷ","αὐτῷ","αὐτῷ","αὐτός"
60,02,02,"V","2APS-P","αὐξηθῆτε","αὐξηθῆτε","αὐξηθῆτε","αὐξάνω"
60,02,02,"P",NULL,"⸂εἰς","εἰς","εἰς","εἰς"
60,02,02,"N","ASF","σωτηρίαν⸃,","σωτηρίαν","σωτηρίαν","σωτηρία"
60,02,03,"C",NULL,"⸀εἰ","εἰ","εἰ","εἰ"
60,02,03,"V","2AMI-P","ἐγεύσασθε","ἐγεύσασθε","ἐγεύσασθε","γεύομαι"
60,02,03,"C",NULL,"ὅτι","ὅτι","ὅτι","ὅτι"
60,02,03,"A","NSM","χρηστὸς","χρηστὸς","χρηστός","χρηστός"
60,02,03,"RA","NSM","ὁ","ὁ","ὁ","ὁ"
60,02,03,"N","NSM","κύριος.","κύριος","κύριος","κύριος"
60,02,04,"P",NULL,"Πρὸς","Πρὸς","πρός","πρός"
60,02,04,"RR","ASM","ὃν","ὃν","ὅν","ὅς"
60,02,04,"V","PMPNPM","προσερχόμενοι,","προσερχόμενοι","προσερχόμενοι","προσέρχομαι"
60,02,04,"N","ASM","λίθον","λίθον","λίθον","λίθος"
60,02,04,"V","PAPASM","ζῶντα,","ζῶντα","ζῶντα","ζάω"
60,02,04,"P",NULL,"ὑπὸ","ὑπὸ","ὑπό","ὑπό"
60,02,04,"N","GPM","ἀνθρώπων","ἀνθρώπων","ἀνθρώπων","ἄνθρωπος"
60,02,04,"C",NULL,"μὲν","μὲν","μέν","μέν"
60,02,04,"V","XPPASM","ἀποδεδοκιμασμένον","ἀποδεδοκιμασμένον","ἀποδεδοκιμασμένον","ἀποδοκιμάζω"
60,02,04,"P",NULL,"παρὰ","παρὰ","παρά","παρά"
60,02,04,"C",NULL,"δὲ","δὲ","δέ","δέ"
60,02,04,"N","DSM","θεῷ","θεῷ","θεῷ","θεός"
60,02,04,"A","ASM","ἐκλεκτὸν","ἐκλεκτὸν","ἐκλεκτόν","ἐκλεκτός"
60,02,04,"A","ASM","ἔντιμον","ἔντιμον","ἔντιμον","ἔντιμος"
60,02,05,"D",NULL,"καὶ","καὶ","καί","καί"
60,02,05,"RP","NPM","αὐτοὶ","αὐτοὶ","αὐτοί","αὐτός"
60,02,05,"C",NULL,"ὡς","ὡς","ὡς","ὡς"
60,02,05,"N","NPM","λίθοι","λίθοι","λίθοι","λίθος"
60,02,05,"V","PAPNPM","ζῶντες","ζῶντες","ζῶντες","ζάω"
60,02,05,"V","2PPI-P","οἰκοδομεῖσθε","οἰκοδομεῖσθε","οἰκοδομεῖσθε","οἰκοδομέω"
60,02,05,"N","NSM","οἶκος","οἶκος","οἶκος","οἶκος"
60,02,05,"A","NSM","πνευματικὸς","πνευματικὸς","πνευματικός","πνευματικός"
60,02,05,"P",NULL,"⸀εἰς","εἰς","εἰς","εἰς"
60,02,05,"N","ASN","ἱεράτευμα","ἱεράτευμα","ἱεράτευμα","ἱεράτευμα"
60,02,05,"A","ASN","ἅγιον,","ἅγιον","ἅγιον","ἅγιος"
60,02,05,"V","AAN","ἀνενέγκαι","ἀνενέγκαι","ἀνενέγκαι","ἀναφέρω"
60,02,05,"A","APF","πνευματικὰς","πνευματικὰς","πνευματικάς","πνευματικός"
60,02,05,"N","APF","θυσίας","θυσίας","θυσίας","θυσία"
60,02,05,"A","APF","⸀εὐπροσδέκτους","εὐπροσδέκτους","εὐπροσδέκτους","εὐπρόσδεκτος"
60,02,05,"N","DSM","θεῷ","θεῷ","θεῷ","θεός"
60,02,05,"P",NULL,"διὰ","διὰ","διά","διά"
60,02,05,"N","GSM","Ἰησοῦ","Ἰησοῦ","Ἰησοῦ","Ἰησοῦς"
60,02,05,"N","GSM","Χριστοῦ·","Χριστοῦ","Χριστοῦ","Χριστός"
60,02,06,"C",NULL,"διότι","διότι","διότι","διότι"
60,02,06,"V","3PAI-S","περιέχει","περιέχει","περιέχει","περιέχω"
60,02,06,"P",NULL,"⸀ἐν","ἐν","ἐν","ἐν"
60,02,06,"N","DSF","γραφῇ·","γραφῇ","γραφῇ","γραφή"
60,02,06,"X",NULL,"Ἰδοὺ","Ἰδοὺ","ἰδού","ἰδού"
60,02,06,"V","1PAI-S","τίθημι","τίθημι","τίθημι","τίθημι"
60,02,06,"P",NULL,"ἐν","ἐν","ἐν","ἐν"
60,02,06,"N","DSF","Σιὼν","Σιὼν","Σιών","Σιών"
60,02,06,"N","ASM","λίθον","λίθον","λίθον","λίθος"
60,02,06,"A","ASM","⸂ἀκρογωνιαῖον","ἀκρογωνιαῖον","ἀκρογωνιαῖον","ἀκρογωνιαῖος"
60,02,06,"A","ASM","ἐκλεκτὸν⸃","ἐκλεκτὸν","ἐκλεκτόν","ἐκλεκτός"
60,02,06,"A","ASM","ἔντιμον,","ἔντιμον","ἔντιμον","ἔντιμος"
60,02,06,"C",NULL,"καὶ","καὶ","καί","καί"
60,02,06,"RA","NSM","ὁ","ὁ","ὁ","ὁ"
60,02,06,"V","PAPNSM","πιστεύων","πιστεύων","πιστεύων","πιστεύω"
60,02,06,"P",NULL,"ἐπ’","ἐπ’","ἐπί","ἐπί"
60,02,06,"RP","DSM","αὐτῷ","αὐτῷ","αὐτῷ","αὐτός"
60,02,06,"D",NULL,"οὐ","οὐ","οὐ","οὐ"
60,02,06,"D",NULL,"μὴ","μὴ","μή","μή"
60,02,06,"V","3APS-S","καταισχυνθῇ.","καταισχυνθῇ","καταισχυνθῇ","καταισχύνω"
60,02,07,"RP","DP","ὑμῖν","ὑμῖν","ὑμῖν","σύ"
60,02,07,"C",NULL,"οὖν","οὖν","οὖν","οὖν"
60,02,07,"RA","NSF","ἡ","ἡ","ἡ","ὁ"
60,02,07,"N","NSF","τιμὴ","τιμὴ","τιμή","τιμή"
60,02,07,"RA","DPM","τοῖς","τοῖς","τοῖς","ὁ"
60,02,07,"V","PAPDPM","πιστεύουσιν·","πιστεύουσιν","πιστεύουσι(ν)","πιστεύω"
60,02,07,"V","PAPDPM","⸀ἀπιστοῦσιν","ἀπιστοῦσιν","ἀπιστοῦσι(ν)","ἀπιστέω"
60,02,07,"C",NULL,"δὲ","δὲ","δέ","δέ"
60,02,07,"N","NSM","⸀λίθος","λίθος","λίθος","λίθος"
60,02,07,"RR","ASM","ὃν","ὃν","ὅν","ὅς"
60,02,07,"V","3AAI-P","ἀπεδοκίμασαν","ἀπεδοκίμασαν","ἀπεδοκίμασαν","ἀποδοκιμάζω"
60,02,07,"RA","NPM","οἱ","οἱ","οἱ","ὁ"
60,02,07,"V","PAPNPM","οἰκοδομοῦντες","οἰκοδομοῦντες","οἰκοδομοῦντες","οἰκοδομέω"
60,02,07,"RD","NSM","οὗτος","οὗτος","οὗτος","οὗτος"
60,02,07,"V","3API-S","ἐγενήθη","ἐγενήθη","ἐγενήθη","γίνομαι"
60,02,07,"P",NULL,"εἰς","εἰς","εἰς","εἰς"
60,02,07,"N","ASF","κεφαλὴν","κεφαλὴν","κεφαλήν","κεφαλή"
60,02,07,"N","GSF","γωνίας","γωνίας","γωνίας","γωνία"
60,02,08,"C",NULL,"καὶ","καὶ","καί","καί"
60,02,08,"N","NSM","λίθος","λίθος","λίθος","λίθος"
60,02,08,"N","GSN","προσκόμματος","προσκόμματος","προσκόμματος","πρόσκομμα"
60,02,08,"C",NULL,"καὶ","καὶ","καί","καί"
60,02,08,"N","NSF","πέτρα","πέτρα","πέτρα","πέτρα"
60,02,08,"N","GSN","σκανδάλου·","σκανδάλου","σκανδάλου","σκάνδαλον"
60,02,08,"RR","NPM","οἳ","οἳ","οἵ","ὅς"
60,02,08,"V","3PAI-P","προσκόπτουσιν","προσκόπτουσιν","προσκόπτουσι(ν)","προσκόπτω"
60,02,08,"RA","DSM","τῷ","τῷ","τῷ","ὁ"
60,02,08,"N","DSM","λόγῳ","λόγῳ","λόγῳ","λόγος"
60,02,08,"V","PAPNPM","ἀπειθοῦντες·","ἀπειθοῦντες","ἀπειθοῦντες","ἀπειθέω"
60,02,08,"P",NULL,"εἰς","εἰς","εἰς","εἰς"
60,02,08,"RR","ASN","ὃ","ὃ","ὅ","ὅς"
60,02,08,"D",NULL,"καὶ","καὶ","καί","καί"
60,02,08,"V","3API-P","ἐτέθησαν.","ἐτέθησαν","ἐτέθησαν","τίθημι"
60,02,09,"RP","NP","Ὑμεῖς","Ὑμεῖς","ὑμεῖς","σύ"
60,02,09,"C",NULL,"δὲ","δὲ","δέ","δέ"
60,02,09,"N","NSN","γένος","γένος","γένος","γένος"
60,02,09,"A","NSN","ἐκλεκτόν,","ἐκλεκτόν","ἐκλεκτόν","ἐκλεκτός"
60,02,09,"A","NSN","βασίλειον","βασίλειον","βασίλειον","βασίλειος"
60,02,09,"N","NSN","ἱεράτευμα,","ἱεράτευμα","ἱεράτευμα","ἱεράτευμα"
60,02,09,"N","NSN","ἔθνος","ἔθνος","ἔθνος","ἔθνος"
60,02,09,"A","NSN","ἅγιον,","ἅγιον","ἅγιον","ἅγιος"
60,02,09,"N","NSM","λαὸς","λαὸς","λαός","λαός"
60,02,09,"P",NULL,"εἰς","εἰς","εἰς","εἰς"
60,02,09,"N","ASF","περιποίησιν,","περιποίησιν","περιποίησιν","περιποίησις"
60,02,09,"C",NULL,"ὅπως","ὅπως","ὅπως","ὅπως"
60,02,09,"RA","APF","τὰς","τὰς","τάς","ὁ"
60,02,09,"N","APF","ἀρετὰς","ἀρετὰς","ἀρετάς","ἀρετή"
60,02,09,"V","2AAS-P","ἐξαγγείλητε","ἐξαγγείλητε","ἐξαγγείλητε","ἐξαγγέλλω"
60,02,09,"RA","GSM","τοῦ","τοῦ","τοῦ","ὁ"
60,02,09,"P",NULL,"ἐκ","ἐκ","ἐκ","ἐκ"
60,02,09,"N","GSN","σκότους","σκότους","σκότους","σκότος"
60,02,09,"RP","AP","ὑμᾶς","ὑμᾶς","ὑμᾶς","σύ"
60,02,09,"V","AAPGSM","καλέσαντος","καλέσαντος","καλέσαντος","καλέω"
60,02,09,"P",NULL,"εἰς","εἰς","εἰς","εἰς"
60,02,09,"RA","ASN","τὸ","τὸ","τό","ὁ"
60,02,09,"A","ASN","θαυμαστὸν","θαυμαστὸν","θαυμαστόν","θαυμαστός"
60,02,09,"RP","GSM","αὐτοῦ","αὐτοῦ","αὐτοῦ","αὐτός"
60,02,09,"N","ASN","φῶς·","φῶς","φῶς","φῶς"
60,02,10,"RR","NPM","οἵ","οἵ","οἵ","ὅς"
60,02,10,"D",NULL,"ποτε","ποτε","ποτέ","ποτέ"
60,02,10,"D",NULL,"οὐ","οὐ","οὐ","οὐ"
60,02,10,"N","NSM","λαὸς","λαὸς","λαός","λαός"
60,02,10,"D",NULL,"νῦν","νῦν","νῦν","νῦν"
60,02,10,"C",NULL,"δὲ","δὲ","δέ","δέ"
60,02,10,"N","NSM","λαὸς","λαὸς","λαός","λαός"
60,02,10,"N","GSM","θεοῦ,","θεοῦ","θεοῦ","θεός"
60,02,10,"RA","NPM","οἱ","οἱ","οἱ","ὁ"
60,02,10,"D",NULL,"οὐκ","οὐκ","οὐ","οὐ"
60,02,10,"V","XPPNPM","ἠλεημένοι","ἠλεημένοι","ἠλεημένοι","ἐλεάω"
60,02,10,"D",NULL,"νῦν","νῦν","νῦν","νῦν"
60,02,10,"C",NULL,"δὲ","δὲ","δέ","δέ"
60,02,10,"V","APPNPM","ἐλεηθέντες.","ἐλεηθέντες","ἐλεηθέντες","ἐλεάω"
60,02,11,"A","VPM","Ἀγαπητοί,","Ἀγαπητοί","ἀγαπητοί","ἀγαπητός"
60,02,11,"V","1PAI-S","παρακαλῶ","παρακαλῶ","παρακαλῶ","παρακαλέω"
60,02,11,"P",NULL,"ὡς","ὡς","ὡς","ὡς"
60,02,11,"A","APM","παροίκους","παροίκους","παροίκους","πάροικος"
60,02,11,"C",NULL,"καὶ","καὶ","καί","καί"
60,02,11,"A","APM","παρεπιδήμους","παρεπιδήμους","παρεπιδήμους","παρεπίδημος"
60,02,11,"V","PMN","ἀπέχεσθαι","ἀπέχεσθαι","ἀπέχεσθαι","ἀπέχω"
60,02,11,"RA","GPF","τῶν","τῶν","τῶν","ὁ"
60,02,11,"A","GPF","σαρκικῶν","σαρκικῶν","σαρκικῶν","σαρκικός"
60,02,11,"N","GPF","ἐπιθυμιῶν,","ἐπιθυμιῶν","ἐπιθυμιῶν","ἐπιθυμία"
60,02,11,"RR","NPF","αἵτινες","αἵτινες","αἵτινες","ὅστις"
60,02,11,"V","3PMI-P","στρατεύονται","στρατεύονται","στρατεύονται","στρατεύομαι"
60,02,11,"P",NULL,"κατὰ","κατὰ","κατά","κατά"
60,02,11,"RA","GSF","τῆς","τῆς","τῆς","ὁ"
60,02,11,"N","GSF","ψυχῆς·","ψυχῆς","ψυχῆς","ψυχή"
60,02,12,"RA","ASF","τὴν","τὴν","τήν","ὁ"
60,02,12,"N","ASF","ἀναστροφὴν","ἀναστροφὴν","ἀναστροφήν","ἀναστροφή"
60,02,12,"RP","GP","ὑμῶν","ὑμῶν","ὑμῶν","σύ"
60,02,12,"P",NULL,"⸂ἐν","ἐν","ἐν","ἐν"
60,02,12,"RA","DPN","τοῖς","τοῖς","τοῖς","ὁ"
60,02,12,"N","DPN","ἔθνεσιν","ἔθνεσιν","ἔθνεσι(ν)","ἔθνος"
60,02,12,"V","PAPNPM","ἔχοντες","ἔχοντες","ἔχοντες","ἔχω"
60,02,12,"A","ASF","καλήν⸃,","καλήν","καλήν","καλός"
60,02,12,"C",NULL,"ἵνα,","ἵνα","ἵνα","ἵνα"
60,02,12,"P",NULL,"ἐν","ἐν","ἐν","ἐν"
60,02,12,"RR","DSN","ᾧ","ᾧ","ᾧ","ὅς"
60,02,12,"V","3PAI-P","καταλαλοῦσιν","καταλαλοῦσιν","καταλαλοῦσι(ν)","καταλαλέω"
60,02,12,"RP","GP","ὑμῶν","ὑμῶν","ὑμῶν","σύ"
60,02,12,"C",NULL,"ὡς","ὡς","ὡς","ὡς"
60,02,12,"N","GPM","κακοποιῶν,","κακοποιῶν","κακοποιῶν","κακοποιός"
60,02,12,"P",NULL,"ἐκ","ἐκ","ἐκ","ἐκ"
60,02,12,"RA","GPN","τῶν","τῶν","τῶν","ὁ"
60,02,12,"A","GPN","καλῶν","καλῶν","καλῶν","καλός"
60,02,12,"N","GPN","ἔργων","ἔργων","ἔργων","ἔργον"
60,02,12,"V","PAPNPM","⸀ἐποπτεύοντες","ἐποπτεύοντες","ἐποπτεύοντες","ἐποπτεύω"
60,02,12,"V","3AAS-P","δοξάσωσι","δοξάσωσι","δοξάσωσι(ν)","δοξάζω"
60,02,12,"RA","ASM","τὸν","τὸν","τόν","ὁ"
60,02,12,"N","ASM","θεὸν","θεὸν","θεόν","θεός"
60,02,12,"P",NULL,"ἐν","ἐν","ἐν","ἐν"
60,02,12,"N","DSF","ἡμέρᾳ","ἡμέρᾳ","ἡμέρᾳ","ἡμέρα"
60,02,12,"N","GSF","ἐπισκοπῆς.","ἐπισκοπῆς","ἐπισκοπῆς","ἐπισκοπή"
60,02,13,"V","2APD-P","⸀Ὑποτάγητε","Ὑποτάγητε","ὑποτάγητε","ὑποτάσσω"
60,02,13,"A","DSF","πάσῃ","πάσῃ","πάσῃ","πᾶς"
60,02,13,"A","DSF","ἀνθρωπίνῃ","ἀνθρωπίνῃ","ἀνθρωπίνῃ","ἀνθρώπινος"
60,02,13,"N","DSF","κτίσει","κτίσει","κτίσει","κτίσις"
60,02,13,"P",NULL,"διὰ","διὰ","διά","διά"
60,02,13,"RA","ASM","τὸν","τὸν","τόν","ὁ"
60,02,13,"N","ASM","κύριον·","κύριον","κύριον","κύριος"
60,02,13,"C",NULL,"εἴτε","εἴτε","εἴτε","εἴτε"
60,02,13,"N","DSM","βασιλεῖ","βασιλεῖ","βασιλεῖ","βασιλεύς"
60,02,13,"C",NULL,"ὡς","ὡς","ὡς","ὡς"
60,02,13,"V","PAPDSM","ὑπερέχοντι,","ὑπερέχοντι","ὑπερέχοντι","ὑπερέχω"
60,02,14,"C",NULL,"εἴτε","εἴτε","εἴτε","εἴτε"
60,02,14,"N","DPM","ἡγεμόσιν","ἡγεμόσιν","ἡγεμόσι(ν)","ἡγεμών"
60,02,14,"C",NULL,"ὡς","ὡς","ὡς","ὡς"
60,02,14,"P",NULL,"δι’","δι’","διά","διά"
60,02,14,"RP","GSM","αὐτοῦ","αὐτοῦ","αὐτοῦ","αὐτός"
60,02,14,"V","PPPDPM","πεμπομένοις","πεμπομένοις","πεμπομένοις","πέμπω"
60,02,14,"P",NULL,"εἰς","εἰς","εἰς","εἰς"
60,02,14,"N","ASF","ἐκδίκησιν","ἐκδίκησιν","ἐκδίκησιν","ἐκδίκησις"
60,02,14,"N","GPM","κακοποιῶν","κακοποιῶν","κακοποιῶν","κακοποιός"
60,02,14,"N","ASM","ἔπαινον","ἔπαινον","ἔπαινον","ἔπαινος"
60,02,14,"C",NULL,"δὲ","δὲ","δέ","δέ"
60,02,14,"N","GPM","ἀγαθοποιῶν","ἀγαθοποιῶν","ἀγαθοποιῶν","ἀγαθοποιός"
60,02,15,"C",NULL,"(ὅτι","ὅτι","ὅτι","ὅτι"
60,02,15,"D",NULL,"οὕτως","οὕτως","οὕτω(ς)","οὕτω(ς)"
60,02,15,"V","3PAI-S","ἐστὶν","ἐστὶν","ἐστί(ν)","εἰμί"
60,02,15,"RA","NSN","τὸ","τὸ","τό","ὁ"
60,02,15,"N","NSN","θέλημα","θέλημα","θέλημα","θέλημα"
60,02,15,"RA","GSM","τοῦ","τοῦ","τοῦ","ὁ"
60,02,15,"N","GSM","θεοῦ,","θεοῦ","θεοῦ","θεός"
60,02,15,"V","PAPAPM","ἀγαθοποιοῦντας","ἀγαθοποιοῦντας","ἀγαθοποιοῦντας","ἀγαθοποιέω"
60,02,15,"V","PAN","φιμοῦν","φιμοῦν","φιμοῦν","φιμόω"
60,02,15,"RA","ASF","τὴν","τὴν","τήν","ὁ"
60,02,15,"RA","GPM","τῶν","τῶν","τῶν","ὁ"
60,02,15,"A","GPM","ἀφρόνων","ἀφρόνων","ἀφρόνων","ἄφρων"
60,02,15,"N","GPM","ἀνθρώπων","ἀνθρώπων","ἀνθρώπων","ἄνθρωπος"
60,02,15,"N","ASF","ἀγνωσίαν)·","ἀγνωσίαν","ἀγνωσίαν","ἀγνωσία"
60,02,16,"C",NULL,"ὡς","ὡς","ὡς","ὡς"
60,02,16,"A","NPM","ἐλεύθεροι,","ἐλεύθεροι","ἐλεύθεροι","ἐλεύθερος"
60,02,16,"C",NULL,"καὶ","καὶ","καί","καί"
60,02,16,"D",NULL,"μὴ","μὴ","μή","μή"
60,02,16,"C",NULL,"ὡς","ὡς","ὡς","ὡς"
60,02,16,"N","ASN","ἐπικάλυμμα","ἐπικάλυμμα","ἐπικάλυμμα","ἐπικάλυμμα"
60,02,16,"V","PAPNPM","ἔχοντες","ἔχοντες","ἔχοντες","ἔχω"
60,02,16,"RA","GSF","τῆς","τῆς","τῆς","ὁ"
60,02,16,"N","GSF","κακίας","κακίας","κακίας","κακία"
60,02,16,"RA","ASF","τὴν","τὴν","τήν","ὁ"
60,02,16,"N","ASF","ἐλευθερίαν,","ἐλευθερίαν","ἐλευθερίαν","ἐλευθερία"
60,02,16,"C",NULL,"ἀλλ’","ἀλλ’","ἀλλά","ἀλλά"
60,02,16,"C",NULL,"ὡς","ὡς","ὡς","ὡς"
60,02,16,"N","GSM","⸂θεοῦ","θεοῦ","θεοῦ","θεός"
60,02,16,"N","NPM","δοῦλοι⸃.","δοῦλοι","δοῦλοι","δοῦλος"
60,02,17,"A","APM","πάντας","πάντας","πάντας","πᾶς"
60,02,17,"V","2AAD-P","τιμήσατε,","τιμήσατε","τιμήσατε","τιμάω"
60,02,17,"RA","ASF","τὴν","τὴν","τήν","ὁ"
60,02,17,"N","ASF","ἀδελφότητα","ἀδελφότητα","ἀδελφότητα","ἀδελφότης"
60,02,17,"V","2PAD-P","⸀ἀγαπᾶτε,","ἀγαπᾶτε","ἀγαπᾶτε","ἀγαπάω"
60,02,17,"RA","ASM","τὸν","τὸν","τόν","ὁ"
60,02,17,"N","ASM","θεὸν","θεὸν","θεόν","θεός"
60,02,17,"V","2PMD-P","φοβεῖσθε,","φοβεῖσθε","φοβεῖσθε","φοβέομαι"
60,02,17,"RA","ASM","τὸν","τὸν","τόν","ὁ"
60,02,17,"N","ASM","βασιλέα","βασιλέα","βασιλέα","βασιλεύς"
60,02,17,"V","2PAD-P","τιμᾶτε.","τιμᾶτε","τιμᾶτε","τιμάω"
60,02,18,"RA","NPM","Οἱ","Οἱ","οἱ","ὁ"
60,02,18,"N","NPM","οἰκέται","οἰκέται","οἰκέται","οἰκέτης"
60,02,18,"V","PPPNPM","ὑποτασσόμενοι","ὑποτασσόμενοι","ὑποτασσόμενοι","ὑποτάσσω"
60,02,18,"P",NULL,"ἐν","ἐν","ἐν","ἐν"
60,02,18,"A","DSM","παντὶ","παντὶ","παντί","πᾶς"
60,02,18,"N","DSM","φόβῳ","φόβῳ","φόβῳ","φόβος"
60,02,18,"RA","DPM","τοῖς","τοῖς","τοῖς","ὁ"
60,02,18,"N","DPM","δεσπόταις,","δεσπόταις","δεσπόταις","δεσπότης"
60,02,18,"D",NULL,"οὐ","οὐ","οὐ","οὐ"
60,02,18,"A","ASN","μόνον","μόνον","μόνον","μόνος"
60,02,18,"RA","DPM","τοῖς","τοῖς","τοῖς","ὁ"
60,02,18,"A","DPM","ἀγαθοῖς","ἀγαθοῖς","ἀγαθοῖς","ἀγαθός"
60,02,18,"C",NULL,"καὶ","καὶ","καί","καί"
60,02,18,"A","DPM","ἐπιεικέσιν","ἐπιεικέσιν","ἐπιεικέσι(ν)","ἐπιεικής"
60,02,18,"C",NULL,"ἀλλὰ","ἀλλὰ","ἀλλά","ἀλλά"
60,02,18,"D",NULL,"καὶ","καὶ","καί","καί"
60,02,18,"RA","DPM","τοῖς","τοῖς","τοῖς","ὁ"
60,02,18,"A","DPM","σκολιοῖς.","σκολιοῖς","σκολιοῖς","σκολιός"
60,02,19,"RD","NSN","τοῦτο","τοῦτο","τοῦτο","οὗτος"
60,02,19,"C",NULL,"γὰρ","γὰρ","γάρ","γάρ"
60,02,19,"N","NSF","χάρις","χάρις","χάρις","χάρις"
60,02,19,"D",NULL,"εἰ","εἰ","εἰ","εἰ"
60,02,19,"P",NULL,"διὰ","διὰ","διά","διά"
60,02,19,"N","ASF","συνείδησιν","συνείδησιν","συνείδησιν","συνείδησις"
60,02,19,"N","GSM","θεοῦ","θεοῦ","θεοῦ","θεός"
60,02,19,"V","3PAI-S","ὑποφέρει","ὑποφέρει","ὑποφέρει","ὑποφέρω"
60,02,19,"RI","NSM","τις","τις","τὶς","τις"
60,02,19,"N","APF","λύπας","λύπας","λύπας","λύπη"
60,02,19,"V","PAPNSM","πάσχων","πάσχων","πάσχων","πάσχω"
60,02,19,"D",NULL,"ἀδίκως·","ἀδίκως","ἀδίκως","ἀδίκως"
60,02,20,"RI","NSN","ποῖον","ποῖον","ποῖον","ποῖος"
60,02,20,"C",NULL,"γὰρ","γὰρ","γάρ","γάρ"
60,02,20,"N","NSN","κλέος","κλέος","κλέος","κλέος"
60,02,20,"D",NULL,"εἰ","εἰ","εἰ","εἰ"
60,02,20,"V","PAPNPM","ἁμαρτάνοντες","ἁμαρτάνοντες","ἁμαρτάνοντες","ἁμαρτάνω"
60,02,20,"C",NULL,"καὶ","καὶ","καί","καί"
60,02,20,"V","PPPNPM","κολαφιζόμενοι","κολαφιζόμενοι","κολαφιζόμενοι","κολαφίζω"
60,02,20,"V","2FAI-P","ὑπομενεῖτε;","ὑπομενεῖτε","ὑπομενεῖτε","ὑπομένω"
60,02,20,"C",NULL,"ἀλλ’","ἀλλ’","ἀλλά","ἀλλά"
60,02,20,"C",NULL,"εἰ","εἰ","εἰ","εἰ"
60,02,20,"V","PAPNPM","ἀγαθοποιοῦντες","ἀγαθοποιοῦντες","ἀγαθοποιοῦντες","ἀγαθοποιέω"
60,02,20,"C",NULL,"καὶ","καὶ","καί","καί"
60,02,20,"V","PAPNPM","πάσχοντες","πάσχοντες","πάσχοντες","πάσχω"
60,02,20,"V","2FAI-P","ὑπομενεῖτε,","ὑπομενεῖτε","ὑπομενεῖτε","ὑπομένω"
60,02,20,"RD","NSN","τοῦτο","τοῦτο","τοῦτο","οὗτος"
60,02,20,"N","NSF","χάρις","χάρις","χάρις","χάρις"
60,02,20,"P",NULL,"παρὰ","παρὰ","παρά","παρά"
60,02,20,"N","DSM","θεῷ.","θεῷ","θεῷ","θεός"
60,02,21,"P",NULL,"εἰς","εἰς","εἰς","εἰς"
60,02,21,"RD","ASN","τοῦτο","τοῦτο","τοῦτο","οὗτος"
60,02,21,"C",NULL,"γὰρ","γὰρ","γάρ","γάρ"
60,02,21,"V","2API-P","ἐκλήθητε,","ἐκλήθητε","ἐκλήθητε","καλέω"
60,02,21,"C",NULL,"ὅτι","ὅτι","ὅτι","ὅτι"
60,02,21,"D",NULL,"καὶ","καὶ","καί","καί"
60,02,21,"N","NSM","Χριστὸς","Χριστὸς","Χριστός","Χριστός"
60,02,21,"V","3AAI-S","ἔπαθεν","ἔπαθεν","ἔπαθε(ν)","πάσχω"
60,02,21,"P",NULL,"ὑπὲρ","ὑπὲρ","ὑπέρ","ὑπέρ"
60,02,21,"RP","GP","⸀ὑμῶν,","ὑμῶν","ὑμῶν","σύ"
60,02,21,"RP","DP","ὑμῖν","ὑμῖν","ὑμῖν","σύ"
60,02,21,"V","PAPNSM","ὑπολιμπάνων","ὑπολιμπάνων","ὑπολιμπάνων","ὑπολιμπάνω"
60,02,21,"N","ASM","ὑπογραμμὸν","ὑπογραμμὸν","ὑπογραμμόν","ὑπογραμμός"
60,02,21,"C",NULL,"ἵνα","ἵνα","ἵνα","ἵνα"
60,02,21,"V","2AAS-P","ἐπακολουθήσητε","ἐπακολουθήσητε","ἐπακολουθήσητε","ἐπακολουθέω"
60,02,21,"RA","DPN","τοῖς","τοῖς","τοῖς","ὁ"
60,02,21,"N","DPN","ἴχνεσιν","ἴχνεσιν","ἴχνεσι(ν)","ἴχνος"
60,02,21,"RP","GSM","αὐτοῦ·","αὐτοῦ","αὐτοῦ","αὐτός"
60,02,22,"RR","NSM","ὃς","ὃς","ὅς","ὅς"
60,02,22,"N","ASF","ἁμαρτίαν","ἁμαρτίαν","ἁμαρτίαν","ἁμαρτία"
60,02,22,"D",NULL,"οὐκ","οὐκ","οὐ","οὐ"
60,02,22,"V","3AAI-S","ἐποίησεν","ἐποίησεν","ἐποίησε(ν)","ποιέω"
60,02,22,"C",NULL,"οὐδὲ","οὐδὲ","οὐδέ","οὐδέ"
60,02,22,"V","3API-S","εὑρέθη","εὑρέθη","εὑρέθη","εὑρίσκω"
60,02,22,"N","NSM","δόλος","δόλος","δόλος","δόλος"
60,02,22,"P",NULL,"ἐν","ἐν","ἐν","ἐν"
60,02,22,"RA","DSN","τῷ","τῷ","τῷ","ὁ"
60,02,22,"N","DSN","στόματι","στόματι","στόματι","στόμα"
60,02,22,"RP","GSM","αὐτοῦ·","αὐτοῦ","αὐτοῦ","αὐτός"
60,02,23,"RR","NSM","ὃς","ὃς","ὅς","ὅς"
60,02,23,"V","PPPNSM","λοιδορούμενος","λοιδορούμενος","λοιδορούμενος","λοιδορέω"
60,02,23,"D",NULL,"οὐκ","οὐκ","οὐ","οὐ"
60,02,23,"V","3IAI-S","ἀντελοιδόρει,","ἀντελοιδόρει","ἀντελοιδόρει","ἀντιλοιδορέω"
60,02,23,"V","PAPNSM","πάσχων","πάσχων","πάσχων","πάσχω"
60,02,23,"D",NULL,"οὐκ","οὐκ","οὐ","οὐ"
60,02,23,"V","3IAI-S","ἠπείλει,","ἠπείλει","ἠπείλει","ἀπειλέω"
60,02,23,"V","3IAI-S","παρεδίδου","παρεδίδου","παρεδίδου","παραδίδωμι"
60,02,23,"C",NULL,"δὲ","δὲ","δέ","δέ"
60,02,23,"RA","DSM","τῷ","τῷ","τῷ","ὁ"
60,02,23,"V","PAPDSM","κρίνοντι","κρίνοντι","κρίνοντι","κρίνω"
60,02,23,"D",NULL,"δικαίως·","δικαίως","δικαίως","δικαίως"
60,02,24,"RR","NSM","ὃς","ὃς","ὅς","ὅς"
60,02,24,"RA","APF","τὰς","τὰς","τάς","ὁ"
60,02,24,"N","APF","ἁμαρτίας","ἁμαρτίας","ἁμαρτίας","ἁμαρτία"
60,02,24,"RP","GP","ἡμῶν","ἡμῶν","ἡμῶν","ἐγώ"
60,02,24,"RP","NSM","αὐτὸς","αὐτὸς","αὐτός","αὐτός"
60,02,24,"V","3AAI-S","ἀνήνεγκεν","ἀνήνεγκεν","ἀνήνεγκε(ν)","ἀναφέρω"
60,02,24,"P",NULL,"ἐν","ἐν","ἐν","ἐν"
60,02,24,"RA","DSN","τῷ","τῷ","τῷ","ὁ"
60,02,24,"N","DSN","σώματι","σώματι","σώματι","σῶμα"
60,02,24,"RP","GSM","αὐτοῦ","αὐτοῦ","αὐτοῦ","αὐτός"
60,02,24,"P",NULL,"ἐπὶ","ἐπὶ","ἐπί","ἐπί"
60,02,24,"RA","ASN","τὸ","τὸ","τό","ὁ"
60,02,24,"N","ASN","ξύλον,","ξύλον","ξύλον","ξύλον"
60,02,24,"C",NULL,"ἵνα","ἵνα","ἵνα","ἵνα"
60,02,24,"RA","DPF","ταῖς","ταῖς","ταῖς","ὁ"
60,02,24,"N","DPF","ἁμαρτίαις","ἁμαρτίαις","ἁμαρτίαις","ἁμαρτία"
60,02,24,"V","AMPNPM","ἀπογενόμενοι","ἀπογενόμενοι","ἀπογενόμενοι","ἀπογίνομαι"
60,02,24,"RA","DSF","τῇ","τῇ","τῇ","ὁ"
60,02,24,"N","DSF","δικαιοσύνῃ","δικαιοσύνῃ","δικαιοσύνῃ","δικαιοσύνη"
60,02,24,"V","1AAS-P","ζήσωμεν·","ζήσωμεν","ζήσωμεν","ζάω"
60,02,24,"RR","GSM","οὗ","οὗ","οὗ","ὅς"
60,02,24,"RA","DSM","τῷ","τῷ","τῷ","ὁ"
60,02,24,"N","DSM","⸀μώλωπι","μώλωπι","μώλωπι","μώλωψ"
60,02,24,"V","2API-P","ἰάθητε.","ἰάθητε","ἰάθητε","ἰάομαι"
60,02,25,"V","2IAI-P","ἦτε","ἦτε","ἦτε","εἰμί"
60,02,25,"C",NULL,"γὰρ","γὰρ","γάρ","γάρ"
60,02,25,"C",NULL,"ὡς","ὡς","ὡς","ὡς"
60,02,25,"N","NPN","πρόβατα","πρόβατα","πρόβατα","πρόβατον"
60,02,25,"V","PPPNPM","⸀πλανώμενοι,","πλανώμενοι","πλανώμενοι","πλανάω"
60,02,25,"C",NULL,"ἀλλὰ","ἀλλὰ","ἀλλά","ἀλλά"
60,02,25,"V","2API-P","ἐπεστράφητε","ἐπεστράφητε","ἐπεστράφητε","ἐπιστρέφω"
60,02,25,"D",NULL,"νῦν","νῦν","νῦν","νῦν"
60,02,25,"P",NULL,"ἐπὶ","ἐπὶ","ἐπί","ἐπί"
60,02,25,"RA","ASM","τὸν","τὸν","τόν","ὁ"
60,02,25,"N","ASM","ποιμένα","ποιμένα","ποιμένα","ποιμήν"
60,02,25,"C",NULL,"καὶ","καὶ","καί","καί"
60,02,25,"N","ASM","ἐπίσκοπον","ἐπίσκοπον","ἐπίσκοπον","ἐπίσκοπος"
60,02,25,"RA","GPF","τῶν","τῶν","τῶν","ὁ"
60,02,25,"N","GPF","ψυχῶν","ψυχῶν","ψυχῶν","ψυχή"
60,02,25,"RP","GP","ὑμῶν.","ὑμῶν","ὑμῶν","σύ"
60,03,01,"D",NULL,"⸀Ὁμοίως","Ὁμοίως","ὁμοίως","ὁμοίως"
60,03,01,"N","VPF","γυναῖκες","γυναῖκες","γυναῖκες","γυνή"
60,03,01,"V","PPPNPF","ὑποτασσόμεναι","ὑποτασσόμεναι","ὑποτασσόμεναι","ὑποτάσσω"
60,03,01,"RA","DPM","τοῖς","τοῖς","τοῖς","ὁ"
60,03,01,"A","DPM","ἰδίοις","ἰδίοις","ἰδίοις","ἴδιος"
60,03,01,"N","DPM","ἀνδράσιν,","ἀνδράσιν","ἀνδράσι(ν)","ἀνήρ"
60,03,01,"C",NULL,"ἵνα","ἵνα","ἵνα","ἵνα"
60,03,01,"D",NULL,"⸀καὶ","καὶ","καί","καί"
60,03,01,"C",NULL,"εἴ","εἴ","εἰ","εἰ"
60,03,01,"RI","NPM","τινες","τινες","τινές","τις"
60,03,01,"V","3PAI-P","ἀπειθοῦσιν","ἀπειθοῦσιν","ἀπειθοῦσι(ν)","ἀπειθέω"
60,03,01,"RA","DSM","τῷ","τῷ","τῷ","ὁ"
60,03,01,"N","DSM","λόγῳ","λόγῳ","λόγῳ","λόγος"
60,03,01,"P",NULL,"διὰ","διὰ","διά","διά"
60,03,01,"RA","GSF","τῆς","τῆς","τῆς","ὁ"
60,03,01,"RA","GPF","τῶν","τῶν","τῶν","ὁ"
60,03,01,"N","GPF","γυναικῶν","γυναικῶν","γυναικῶν","γυνή"
60,03,01,"N","GSF","ἀναστροφῆς","ἀναστροφῆς","ἀναστροφῆς","ἀναστροφή"
60,03,01,"P",NULL,"ἄνευ","ἄνευ","ἄνευ","ἄνευ"
60,03,01,"N","GSM","λόγου","λόγου","λόγου","λόγος"
60,03,01,"V","3FPI-P","κερδηθήσονται","κερδηθήσονται","κερδηθήσονται","κερδαίνω"
60,03,02,"V","AAPNPM","ἐποπτεύσαντες","ἐποπτεύσαντες","ἐποπτεύσαντες","ἐποπτεύω"
60,03,02,"RA","ASF","τὴν","τὴν","τήν","ὁ"
60,03,02,"P",NULL,"ἐν","ἐν","ἐν","ἐν"
60,03,02,"N","DSM","φόβῳ","φόβῳ","φόβῳ","φόβος"
60,03,02,"A","ASF","ἁγνὴν","ἁγνὴν","ἁγνήν","ἁγνός"
60,03,02,"N","ASF","ἀναστροφὴν","ἀναστροφὴν","ἀναστροφήν","ἀναστροφή"
60,03,02,"RP","GP","ὑμῶν.","ὑμῶν","ὑμῶν","σύ"
60,03,03,"RR","GPF","ὧν","ὧν","ὧν","ὅς"
60,03,03,"V","3PAD-S","ἔστω","ἔστω","ἔστω","εἰμί"
60,03,03,"D",NULL,"οὐχ","οὐχ","οὐ","οὐ"
60,03,03,"RA","NSM","ὁ","ὁ","ὁ","ὁ"
60,03,03,"D",NULL,"ἔξωθεν","ἔξωθεν","ἔξωθεν","ἔξωθεν"
60,03,03,"N","GSF","ἐμπλοκῆς","ἐμπλοκῆς","ἐμπλοκῆς","ἐμπλοκή"
60,03,03,"N","GPF","τριχῶν","τριχῶν","τριχῶν","θρίξ"
60,03,03,"C",NULL,"καὶ","καὶ","καί","καί"
60,03,03,"N","GSF","περιθέσεως","περιθέσεως","περιθέσεως","περίθεσις"
60,03,03,"N","GPN","χρυσίων","χρυσίων","χρυσίων","χρυσίον"
60,03,03,"C",NULL,"ἢ","ἢ","ἤ","ἤ"
60,03,03,"N","GSF","ἐνδύσεως","ἐνδύσεως","ἐνδύσεως","ἔνδυσις"
60,03,03,"N","GPN","ἱματίων","ἱματίων","ἱματίων","ἱμάτιον"
60,03,03,"N","NSM","κόσμος,","κόσμος","κόσμος","κόσμος"
60,03,04,"C",NULL,"ἀλλ’","ἀλλ’","ἀλλά","ἀλλά"
60,03,04,"RA","NSM","ὁ","ὁ","ὁ","ὁ"
60,03,04,"A","NSM","κρυπτὸς","κρυπτὸς","κρυπτός","κρυπτός"
60,03,04,"RA","GSF","τῆς","τῆς","τῆς","ὁ"
60,03,04,"N","GSF","καρδίας","καρδίας","καρδίας","καρδία"
60,03,04,"N","NSM","ἄνθρωπος","ἄνθρωπος","ἄνθρωπος","ἄνθρωπος"
60,03,04,"P",NULL,"ἐν","ἐν","ἐν","ἐν"
60,03,04,"RA","DSM","τῷ","τῷ","τῷ","ὁ"
60,03,04,"A","DSM","ἀφθάρτῳ","ἀφθάρτῳ","ἀφθάρτῳ","ἄφθαρτος"
60,03,04,"RA","GSN","τοῦ","τοῦ","τοῦ","ὁ"
60,03,04,"A","GSN","⸂πραέως","πραέως","πραέως","πραΰς"
60,03,04,"C",NULL,"καὶ","καὶ","καί","καί"
60,03,04,"A","GSN","ἡσυχίου⸃","ἡσυχίου","ἡσυχίου","ἡσύχιος"
60,03,04,"N","GSN","πνεύματος,","πνεύματος","πνεύματος","πνεῦμα"
60,03,04,"RR","NSN","ὅ","ὅ","ὅ","ὅς"
60,03,04,"V","3PAI-S","ἐστιν","ἐστιν","ἐστί(ν)","εἰμί"
60,03,04,"P",NULL,"ἐνώπιον","ἐνώπιον","ἐνώπιον","ἐνώπιον"
60,03,04,"RA","GSM","τοῦ","τοῦ","τοῦ","ὁ"
60,03,04,"N","GSM","θεοῦ","θεοῦ","θεοῦ","θεός"
60,03,04,"A","NSN","πολυτελές.","πολυτελές","πολυτελές","πολυτελής"
60,03,05,"D",NULL,"οὕτως","οὕτως","οὕτω(ς)","οὕτω(ς)"
60,03,05,"C",NULL,"γάρ","γάρ","γάρ","γάρ"
60,03,05,"D",NULL,"ποτε","ποτε","ποτέ","ποτέ"
60,03,05,"D",NULL,"καὶ","καὶ","καί","καί"
60,03,05,"RA","NPF","αἱ","αἱ","αἱ","ὁ"
60,03,05,"A","NPF","ἅγιαι","ἅγιαι","ἅγιαι","ἅγιος"
60,03,05,"N","NPF","γυναῖκες","γυναῖκες","γυναῖκες","γυνή"
60,03,05,"RA","NPF","αἱ","αἱ","αἱ","ὁ"
60,03,05,"V","PAPNPF","ἐλπίζουσαι","ἐλπίζουσαι","ἐλπίζουσαι","ἐλπίζω"
60,03,05,"P",NULL,"⸀εἰς","εἰς","εἰς","εἰς"
60,03,05,"N","ASM","θεὸν","θεὸν","θεόν","θεός"
60,03,05,"V","3IAI-P","ἐκόσμουν","ἐκόσμουν","ἐκόσμουν","κοσμέω"
60,03,05,"RP","APF","ἑαυτάς,","ἑαυτάς","ἑαυτάς","ἑαυτοῦ"
60,03,05,"V","PPPNPF","ὑποτασσόμεναι","ὑποτασσόμεναι","ὑποτασσόμεναι","ὑποτάσσω"
60,03,05,"RA","DPM","τοῖς","τοῖς","τοῖς","ὁ"
60,03,05,"A","DPM","ἰδίοις","ἰδίοις","ἰδίοις","ἴδιος"
60,03,05,"N","DPM","ἀνδράσιν,","ἀνδράσιν","ἀνδράσι(ν)","ἀνήρ"
60,03,06,"C",NULL,"ὡς","ὡς","ὡς","ὡς"
60,03,06,"N","NSF","Σάρρα","Σάρρα","Σάρρα","Σάρρα"
60,03,06,"V","3AAI-S","⸀ὑπήκουσεν","ὑπήκουσεν","ὑπήκουσε(ν)","ὑπακούω"
60,03,06,"RA","DSM","τῷ","τῷ","τῷ","ὁ"
60,03,06,"N","DSM","Ἀβραάμ,","Ἀβραάμ","Ἀβραάμ","Ἀβραάμ"
60,03,06,"N","ASM","κύριον","κύριον","κύριον","κύριος"
60,03,06,"RP","ASM","αὐτὸν","αὐτὸν","αὐτόν","αὐτός"
60,03,06,"V","PAPNSF","καλοῦσα·","καλοῦσα","καλοῦσα","καλέω"
60,03,06,"RR","GSF","ἧς","ἧς","ἧς","ὅς"
60,03,06,"V","2API-P","ἐγενήθητε","ἐγενήθητε","ἐγενήθητε","γίνομαι"
60,03,06,"N","NPN","τέκνα","τέκνα","τέκνα","τέκνον"
60,03,06,"V","PAPNPF","ἀγαθοποιοῦσαι","ἀγαθοποιοῦσαι","ἀγαθοποιοῦσαι","ἀγαθοποιέω"
60,03,06,"C",NULL,"καὶ","καὶ","καί","καί"
60,03,06,"D",NULL,"μὴ","μὴ","μή","μή"
60,03,06,"V","PMPNPF","φοβούμεναι","φοβούμεναι","φοβούμεναι","φοβέομαι"
60,03,06,"A","ASF","μηδεμίαν","μηδεμίαν","μηδεμίαν","μηδείς"
60,03,06,"N","ASF","πτόησιν.","πτόησιν","πτόησιν","πτόησις"
60,03,07,"RA","NPM","Οἱ","Οἱ","οἱ","ὁ"
60,03,07,"N","NPM","ἄνδρες","ἄνδρες","ἄνδρες","ἀνήρ"
60,03,07,"D",NULL,"ὁμοίως","ὁμοίως","ὁμοίως","ὁμοίως"
60,03,07,"V","PAPNPM","συνοικοῦντες","συνοικοῦντες","συνοικοῦντες","συνοικέω"
60,03,07,"P",NULL,"κατὰ","κατὰ","κατά","κατά"
60,03,07,"N","ASF","γνῶσιν,","γνῶσιν","γνῶσιν","γνῶσις"
60,03,07,"C",NULL,"ὡς","ὡς","ὡς","ὡς"
60,03,07,"A","DSNC","ἀσθενεστέρῳ","ἀσθενεστέρῳ","ἀσθενεστέρῳ","ἀσθενής"
60,03,07,"N","DSN","σκεύει","σκεύει","σκεύει","σκεῦος"
60,03,07,"RA","DSN","τῷ","τῷ","τῷ","ὁ"
60,03,07,"A","DSN","γυναικείῳ","γυναικείῳ","γυναικείῳ","γυναικεῖος"
60,03,07,"V","PAPNPM","ἀπονέμοντες","ἀπονέμοντες","ἀπονέμοντες","ἀπονέμω"
60,03,07,"N","ASF","τιμήν,","τιμήν","τιμήν","τιμή"
60,03,07,"C",NULL,"ὡς","ὡς","ὡς","ὡς"
60,03,07,"D",NULL,"καὶ","καὶ","καί","καί"
60,03,07,"A","DPM","⸀συγκληρονόμοις","συγκληρονόμοις","συγκληρονόμοις","συγκληρονόμος"
60,03,07,"N","GSF","χάριτος","χάριτος","χάριτος","χάρις"
60,03,07,"N","GSF","ζωῆς,","ζωῆς","ζωῆς","ζωή"
60,03,07,"P",NULL,"εἰς","εἰς","εἰς","εἰς"
60,03,07,"RA","ASN","τὸ","τὸ","τό","ὁ"
60,03,07,"D",NULL,"μὴ","μὴ","μή","μή"
60,03,07,"V","PPN","ἐγκόπτεσθαι","ἐγκόπτεσθαι","ἐγκόπτεσθαι","ἐγκόπτω"
60,03,07,"RA","APF","τὰς","τὰς","τάς","ὁ"
60,03,07,"N","APF","προσευχὰς","προσευχὰς","προσευχάς","προσευχή"
60,03,07,"RP","GP","ὑμῶν.","ὑμῶν","ὑμῶν","σύ"
60,03,08,"RA","ASN","Τὸ","Τὸ","τό","ὁ"
60,03,08,"C",NULL,"δὲ","δὲ","δέ","δέ"
60,03,08,"N","ASN","τέλος","τέλος","τέλος","τέλος"
60,03,08,"A","VPM","πάντες","πάντες","πάντες","πᾶς"
60,03,08,"A","NPM","ὁμόφρονες,","ὁμόφρονες","ὁμόφρονες","ὁμόφρων"
60,03,08,"A","NPM","συμπαθεῖς,","συμπαθεῖς","συμπαθεῖς","συμπαθής"
60,03,08,"A","NPM","φιλάδελφοι,","φιλάδελφοι","φιλάδελφοι","φιλάδελφος"
60,03,08,"A","NPM","εὔσπλαγχνοι,","εὔσπλαγχνοι","εὔσπλαγχνοι","εὔσπλαγχνος"
60,03,08,"A","NPM","⸀ταπεινόφρονες,","ταπεινόφρονες","ταπεινόφρονες","ταπεινόφρων"
60,03,09,"D",NULL,"μὴ","μὴ","μή","μή"
60,03,09,"V","PAPNPM","ἀποδιδόντες","ἀποδιδόντες","ἀποδιδόντες","ἀποδίδωμι"
60,03,09,"A","ASN","κακὸν","κακὸν","κακόν","κακός"
60,03,09,"P",NULL,"ἀντὶ","ἀντὶ","ἀντί","ἀντί"
60,03,09,"A","GSN","κακοῦ","κακοῦ","κακοῦ","κακός"
60,03,09,"C",NULL,"ἢ","ἢ","ἤ","ἤ"
60,03,09,"N","ASF","λοιδορίαν","λοιδορίαν","λοιδορίαν","λοιδορία"
60,03,09,"P",NULL,"ἀντὶ","ἀντὶ","ἀντί","ἀντί"
60,03,09,"N","GSF","λοιδορίας","λοιδορίας","λοιδορίας","λοιδορία"
60,03,09,"N","ASN","τοὐναντίον","τοὐναντίον","τοὐναντίον","τοὐναντίον"
60,03,09,"C",NULL,"δὲ","δὲ","δέ","δέ"
60,03,09,"V","PAPNPM","⸀εὐλογοῦντες,","εὐλογοῦντες","εὐλογοῦντες","εὐλογέω"
60,03,09,"C",NULL,"ὅτι","ὅτι","ὅτι","ὅτι"
60,03,09,"P",NULL,"εἰς","εἰς","εἰς","εἰς"
60,03,09,"RD","ASN","τοῦτο","τοῦτο","τοῦτο","οὗτος"
60,03,09,"V","2API-P","ἐκλήθητε","ἐκλήθητε","ἐκλήθητε","καλέω"
60,03,09,"C",NULL,"ἵνα","ἵνα","ἵνα","ἵνα"
60,03,09,"N","ASF","εὐλογίαν","εὐλογίαν","εὐλογίαν","εὐλογία"
60,03,09,"V","2AAS-P","κληρονομήσητε.","κληρονομήσητε","κληρονομήσητε","κληρονομέω"
60,03,10,"RA","NSM","ὁ","ὁ","ὁ","ὁ"
60,03,10,"C",NULL,"γὰρ","γὰρ","γάρ","γάρ"
60,03,10,"V","PAPNSM","θέλων","θέλων","θέλων","θέλω"
60,03,10,"N","ASF","ζωὴν","ζωὴν","ζωήν","ζωή"
60,03,10,"V","PAN","ἀγαπᾶν","ἀγαπᾶν","ἀγαπᾶν","ἀγαπάω"
60,03,10,"C",NULL,"καὶ","καὶ","καί","καί"
60,03,10,"V","AAN","ἰδεῖν","ἰδεῖν","ἰδεῖν","ὁράω"
60,03,10,"N","APF","ἡμέρας","ἡμέρας","ἡμέρας","ἡμέρα"
60,03,10,"A","APF","ἀγαθὰς","ἀγαθὰς","ἀγαθάς","ἀγαθός"
60,03,10,"V","3AAD-S","παυσάτω","παυσάτω","παυσάτω","παύω"
60,03,10,"RA","ASF","τὴν","τὴν","τήν","ὁ"
60,03,10,"N","ASF","⸀γλῶσσαν","γλῶσσαν","γλῶσσαν","γλῶσσα"
60,03,10,"P",NULL,"ἀπὸ","ἀπὸ","ἀπό","ἀπό"
60,03,10,"A","GSN","κακοῦ","κακοῦ","κακοῦ","κακός"
60,03,10,"C",NULL,"καὶ","καὶ","καί","καί"
60,03,10,"N","APN","⸀χείλη","χείλη","χείλη","χεῖλος"
60,03,10,"RA","GSN","τοῦ","τοῦ","τοῦ","ὁ"
60,03,10,"D",NULL,"μὴ","μὴ","μή","μή"
60,03,10,"V","AAN","λαλῆσαι","λαλῆσαι","λαλῆσαι","λαλέω"
60,03,10,"N","ASM","δόλον,","δόλον","δόλον","δόλος"
60,03,11,"V","3AAD-S","ἐκκλινάτω","ἐκκλινάτω","ἐκκλινάτω","ἐκκλίνω"
60,03,11,"C",NULL,"⸀δὲ","δὲ","δέ","δέ"
60,03,11,"P",NULL,"ἀπὸ","ἀπὸ","ἀπό","ἀπό"
60,03,11,"A","GSN","κακοῦ","κακοῦ","κακοῦ","κακός"
60,03,11,"C",NULL,"καὶ","καὶ","καί","καί"
60,03,11,"V","3AAD-S","ποιησάτω","ποιησάτω","ποιησάτω","ποιέω"
60,03,11,"A","ASN","ἀγαθόν,","ἀγαθόν","ἀγαθόν","ἀγαθός"
60,03,11,"V","3AAD-S","ζητησάτω","ζητησάτω","ζητησάτω","ζητέω"
60,03,11,"N","ASF","εἰρήνην","εἰρήνην","εἰρήνην","εἰρήνη"
60,03,11,"C",NULL,"καὶ","καὶ","καί","καί"
60,03,11,"V","3AAD-S","διωξάτω","διωξάτω","διωξάτω","διώκω"
60,03,11,"RP","ASF","αὐτήν·","αὐτήν","αὐτήν","αὐτός"
60,03,12,"C",NULL,"ὅτι","ὅτι","ὅτι","ὅτι"
60,03,12,"N","NPM","ὀφθαλμοὶ","ὀφθαλμοὶ","ὀφθαλμοί","ὀφθαλμός"
60,03,12,"N","GSM","κυρίου","κυρίου","κυρίου","κύριος"
60,03,12,"P",NULL,"ἐπὶ","ἐπὶ","ἐπί","ἐπί"
60,03,12,"A","APM","δικαίους","δικαίους","δικαίους","δίκαιος"
60,03,12,"C",NULL,"καὶ","καὶ","καί","καί"
60,03,12,"N","NPN","ὦτα","ὦτα","ὦτα","οὖς"
60,03,12,"RP","GSM","αὐτοῦ","αὐτοῦ","αὐτοῦ","αὐτός"
60,03,12,"P",NULL,"εἰς","εἰς","εἰς","εἰς"
60,03,12,"N","ASF","δέησιν","δέησιν","δέησιν","δέησις"
60,03,12,"RP","GPM","αὐτῶν,","αὐτῶν","αὐτῶν","αὐτός"
60,03,12,"N","NSN","πρόσωπον","πρόσωπον","πρόσωπον","πρόσωπον"
60,03,12,"C",NULL,"δὲ","δὲ","δέ","δέ"
60,03,12,"N","GSM","κυρίου","κυρίου","κυρίου","κύριος"
60,03,12,"P",NULL,"ἐπὶ","ἐπὶ","ἐπί","ἐπί"
60,03,12,"V","PAPAPM","ποιοῦντας","ποιοῦντας","ποιοῦντας","ποιέω"
60,03,12,"A","APN","κακά.","κακά","κακά","κακός"
60,03,13,"C",NULL,"Καὶ","Καὶ","καί","καί"
60,03,13,"RI","NSM","τίς","τίς","τίς","τίς"
60,03,13,"RA","NSM","ὁ","ὁ","ὁ","ὁ"
60,03,13,"V","FAPNSM","κακώσων","κακώσων","κακώσων","κακόω"
60,03,13,"RP","AP","ὑμᾶς","ὑμᾶς","ὑμᾶς","σύ"
60,03,13,"C",NULL,"ἐὰν","ἐὰν","ἐάν","ἐάν"
60,03,13,"RA","GSN","τοῦ","τοῦ","τοῦ","ὁ"
60,03,13,"A","GSN","ἀγαθοῦ","ἀγαθοῦ","ἀγαθοῦ","ἀγαθός"
60,03,13,"N","NPM","⸀ζηλωταὶ","ζηλωταὶ","ζηλωταί","ζηλωτής"
60,03,13,"V","2AMS-P","γένησθε;","γένησθε","γένησθε","γίνομαι"
60,03,14,"C",NULL,"ἀλλ’","ἀλλ’","ἀλλά","ἀλλά"
60,03,14,"C",NULL,"εἰ","εἰ","εἰ","εἰ"
60,03,14,"D",NULL,"καὶ","καὶ","καί","καί"
60,03,14,"V","2PAO-P","πάσχοιτε","πάσχοιτε","πάσχοιτε","πάσχω"
60,03,14,"P",NULL,"διὰ","διὰ","διά","διά"
60,03,14,"N","ASF","δικαιοσύνην,","δικαιοσύνην","δικαιοσύνην","δικαιοσύνη"
60,03,14,"A","NPM","μακάριοι.","μακάριοι","μακάριοι","μακάριος"
60,03,14,"RA","ASM","τὸν","τὸν","τόν","ὁ"
60,03,14,"C",NULL,"δὲ","δὲ","δέ","δέ"
60,03,14,"N","ASM","φόβον","φόβον","φόβον","φόβος"
60,03,14,"RP","GPM","αὐτῶν","αὐτῶν","αὐτῶν","αὐτός"
60,03,14,"D",NULL,"μὴ","μὴ","μή","μή"
60,03,14,"V","2APS-P","φοβηθῆτε","φοβηθῆτε","φοβηθῆτε","φοβέομαι"
60,03,14,"C",NULL,"μηδὲ","μηδὲ","μηδέ","μηδέ"
60,03,14,"V","2APS-P","ταραχθῆτε,","ταραχθῆτε","ταραχθῆτε","ταράσσω"
60,03,15,"N","ASM","κύριον","κύριον","κύριον","κύριος"
60,03,15,"C",NULL,"δὲ","δὲ","δέ","δέ"
60,03,15,"RA","ASM","τὸν","τὸν","τόν","ὁ"
60,03,15,"N","ASM","⸀Χριστὸν","Χριστὸν","Χριστόν","Χριστός"
60,03,15,"V","2AAD-P","ἁγιάσατε","ἁγιάσατε","ἁγιάσατε","ἁγιάζω"
60,03,15,"P",NULL,"ἐν","ἐν","ἐν","ἐν"
60,03,15,"RA","DPF","ταῖς","ταῖς","ταῖς","ὁ"
60,03,15,"N","DPF","καρδίαις","καρδίαις","καρδίαις","καρδία"
60,03,15,"RP","GP","ὑμῶν,","ὑμῶν","ὑμῶν","σύ"
60,03,15,"A","NPM","⸀ἕτοιμοι","ἕτοιμοι","ἕτοιμοι","ἕτοιμος"
60,03,15,"D",NULL,"ἀεὶ","ἀεὶ","ἀεί","ἀεί"
60,03,15,"P",NULL,"πρὸς","πρὸς","πρός","πρός"
60,03,15,"N","ASF","ἀπολογίαν","ἀπολογίαν","ἀπολογίαν","ἀπολογία"
60,03,15,"A","DSM","παντὶ","παντὶ","παντί","πᾶς"
60,03,15,"RA","DSM","τῷ","τῷ","τῷ","ὁ"
60,03,15,"V","PAPDSM","αἰτοῦντι","αἰτοῦντι","αἰτοῦντι","αἰτέω"
60,03,15,"RP","AP","ὑμᾶς","ὑμᾶς","ὑμᾶς","σύ"
60,03,15,"N","ASM","λόγον","λόγον","λόγον","λόγος"
60,03,15,"P",NULL,"περὶ","περὶ","περί","περί"
60,03,15,"RA","GSF","τῆς","τῆς","τῆς","ὁ"
60,03,15,"P",NULL,"ἐν","ἐν","ἐν","ἐν"
60,03,15,"RP","DP","ὑμῖν","ὑμῖν","ὑμῖν","σύ"
60,03,15,"N","GSF","ἐλπίδος,","ἐλπίδος","ἐλπίδος","ἐλπίς"
60,03,16,"C",NULL,"⸀ἀλλὰ","ἀλλὰ","ἀλλά","ἀλλά"
60,03,16,"P",NULL,"μετὰ","μετὰ","μετά","μετά"
60,03,16,"N","GSF","πραΰτητος","πραΰτητος","πραΰτητος","πραΰτης"
60,03,16,"C",NULL,"καὶ","καὶ","καί","καί"
60,03,16,"N","GSM","φόβου,","φόβου","φόβου","φόβος"
60,03,16,"N","ASF","συνείδησιν","συνείδησιν","συνείδησιν","συνείδησις"
60,03,16,"V","PAPNPM","ἔχοντες","ἔχοντες","ἔχοντες","ἔχω"
60,03,16,"A","ASF","ἀγαθήν,","ἀγαθήν","ἀγαθήν","ἀγαθός"
60,03,16,"C",NULL,"ἵνα","ἵνα","ἵνα","ἵνα"
60,03,16,"P",NULL,"ἐν","ἐν","ἐν","ἐν"
60,03,16,"RR","DSN","ᾧ","ᾧ","ᾧ","ὅς"
60,03,16,"V","2PPI-P","⸀καταλαλεῖσθε","καταλαλεῖσθε","καταλαλεῖσθε","καταλαλέω"
60,03,16,"V","3APS-P","καταισχυνθῶσιν","καταισχυνθῶσιν","καταισχυνθῶσι(ν)","καταισχύνω"
60,03,16,"RA","NPM","οἱ","οἱ","οἱ","ὁ"
60,03,16,"V","PAPNPM","ἐπηρεάζοντες","ἐπηρεάζοντες","ἐπηρεάζοντες","ἐπηρεάζω"
60,03,16,"RP","GP","ὑμῶν","ὑμῶν","ὑμῶν","σύ"
60,03,16,"RA","ASF","τὴν","τὴν","τήν","ὁ"
60,03,16,"A","ASF","ἀγαθὴν","ἀγαθὴν","ἀγαθήν","ἀγαθός"
60,03,16,"P",NULL,"ἐν","ἐν","ἐν","ἐν"
60,03,16,"N","DSM","Χριστῷ","Χριστῷ","Χριστῷ","Χριστός"
60,03,16,"N","ASF","ἀναστροφήν.","ἀναστροφήν","ἀναστροφήν","ἀναστροφή"
60,03,17,"A","NSNC","κρεῖττον","κρεῖττον","κρεῖττον","κρείττων"
60,03,17,"C",NULL,"γὰρ","γὰρ","γάρ","γάρ"
60,03,17,"V","PAPAPM","ἀγαθοποιοῦντας,","ἀγαθοποιοῦντας","ἀγαθοποιοῦντας","ἀγαθοποιέω"
60,03,17,"C",NULL,"εἰ","εἰ","εἰ","εἰ"
60,03,17,"V","3PAO-S","θέλοι","θέλοι","θέλοι","θέλω"
60,03,17,"RA","NSN","τὸ","τὸ","τό","ὁ"
60,03,17,"N","NSN","θέλημα","θέλημα","θέλημα","θέλημα"
60,03,17,"RA","GSM","τοῦ","τοῦ","τοῦ","ὁ"
60,03,17,"N","GSM","θεοῦ,","θεοῦ","θεοῦ","θεός"
60,03,17,"V","PAN","πάσχειν","πάσχειν","πάσχειν","πάσχω"
60,03,17,"C",NULL,"ἢ","ἢ","ἤ","ἤ"
60,03,17,"V","PAPAPM","κακοποιοῦντας.","κακοποιοῦντας","κακοποιοῦντας","κακοποιέω"
60,03,18,"C",NULL,"ὅτι","ὅτι","ὅτι","ὅτι"
60,03,18,"D",NULL,"καὶ","καὶ","καί","καί"
60,03,18,"N","NSM","Χριστὸς","Χριστὸς","Χριστός","Χριστός"
60,03,18,"D",NULL,"ἅπαξ","ἅπαξ","ἅπαξ","ἅπαξ"
60,03,18,"P",NULL,"περὶ","περὶ","περί","περί"
60,03,18,"N","GPF","ἁμαρτιῶν","ἁμαρτιῶν","ἁμαρτιῶν","ἁμαρτία"
60,03,18,"V","3AAI-S","⸀ἔπαθεν,","ἔπαθεν","ἔπαθε(ν)","πάσχω"
60,03,18,"A","NSM","δίκαιος","δίκαιος","δίκαιος","δίκαιος"
60,03,18,"P",NULL,"ὑπὲρ","ὑπὲρ","ὑπέρ","ὑπέρ"
60,03,18,"A","GPM","ἀδίκων,","ἀδίκων","ἀδίκων","ἄδικος"
60,03,18,"C",NULL,"ἵνα","ἵνα","ἵνα","ἵνα"
60,03,18,"RP","AP","⸀ὑμᾶς","ὑμᾶς","ὑμᾶς","σύ"
60,03,18,"V","3AAS-S","προσαγάγῃ","προσαγάγῃ","προσαγάγῃ","προσάγω"
60,03,18,"RA","DSM","τῷ","τῷ","τῷ","ὁ"
60,03,18,"N","DSM","θεῷ,","θεῷ","θεῷ","θεός"
60,03,18,"V","APPNSM","θανατωθεὶς","θανατωθεὶς","θανατωθείς","θανατόω"
60,03,18,"C",NULL,"μὲν","μὲν","μέν","μέν"
60,03,18,"N","DSF","σαρκὶ","σαρκὶ","σαρκί","σάρξ"
60,03,18,"V","APPNSM","ζῳοποιηθεὶς","ζῳοποιηθεὶς","ζῳοποιηθείς","ζῳοποιέω"
60,03,18,"C",NULL,"δὲ","δὲ","δέ","δέ"
60,03,18,"N","DSN","πνεύματι·","πνεύματι","πνεύματι","πνεῦμα"
60,03,19,"P",NULL,"ἐν","ἐν","ἐν","ἐν"
60,03,19,"RR","DSN","ᾧ","ᾧ","ᾧ","ὅς"
60,03,19,"D",NULL,"καὶ","καὶ","καί","καί"
60,03,19,"RA","DPN","τοῖς","τοῖς","τοῖς","ὁ"
60,03,19,"P",NULL,"ἐν","ἐν","ἐν","ἐν"
60,03,19,"N","DSF","φυλακῇ","φυλακῇ","φυλακῇ","φυλακή"
60,03,19,"N","DPN","πνεύμασιν","πνεύμασιν","πνεύμασι(ν)","πνεῦμα"
60,03,19,"V","APPNSM","πορευθεὶς","πορευθεὶς","πορευθείς","πορεύομαι"
60,03,19,"V","3AAI-S","ἐκήρυξεν,","ἐκήρυξεν","ἐκήρυξε(ν)","κηρύσσω"
60,03,20,"V","AAPDPM","ἀπειθήσασίν","ἀπειθήσασίν","ἀπειθήσασι(ν)","ἀπειθέω"
60,03,20,"D",NULL,"ποτε","ποτε","ποτέ","ποτέ"
60,03,20,"C",NULL,"ὅτε","ὅτε","ὅτε","ὅτε"
60,03,20,"V","3IMI-S","ἀπεξεδέχετο","ἀπεξεδέχετο","ἀπεξεδέχετο","ἀπεκδέχομαι"
60,03,20,"RA","NSF","ἡ","ἡ","ἡ","ὁ"
60,03,20,"RA","GSM","τοῦ","τοῦ","τοῦ","ὁ"
60,03,20,"N","GSM","θεοῦ","θεοῦ","θεοῦ","θεός"
60,03,20,"N","NSF","μακροθυμία","μακροθυμία","μακροθυμία","μακροθυμία"
60,03,20,"P",NULL,"ἐν","ἐν","ἐν","ἐν"
60,03,20,"N","DPF","ἡμέραις","ἡμέραις","ἡμέραις","ἡμέρα"
60,03,20,"N","GSM","Νῶε","Νῶε","Νῶε","Νῶε"
60,03,20,"V","PPPGSF","κατασκευαζομένης","κατασκευαζομένης","κατασκευαζομένης","κατασκευάζω"
60,03,20,"N","GSF","κιβωτοῦ","κιβωτοῦ","κιβωτοῦ","κιβωτός"
60,03,20,"P",NULL,"εἰς","εἰς","εἰς","εἰς"
60,03,20,"RR","ASF","ἣν","ἣν","ἥν","ὅς"
60,03,20,"A","NPM","⸀ὀλίγοι,","ὀλίγοι","ὀλίγοι","ὀλίγος"
60,03,20,"RD","NSN","τοῦτ’","τοῦτ’","τοῦτο","οὗτος"
60,03,20,"V","3PAI-S","ἔστιν","ἔστιν","ἐστί(ν)","εἰμί"
60,03,20,"A","NPF","ὀκτὼ","ὀκτὼ","ὀκτώ","ὀκτώ"
60,03,20,"N","NPF","ψυχαί,","ψυχαί","ψυχαί","ψυχή"
60,03,20,"V","3API-P","διεσώθησαν","διεσώθησαν","διεσώθησαν","διασῴζω"
60,03,20,"P",NULL,"δι’","δι’","διά","διά"
60,03,20,"N","GSN","ὕδατος.","ὕδατος","ὕδατος","ὕδωρ"
60,03,21,"RR","NSN","ὃ","ὃ","ὅ","ὅς"
60,03,21,"D",NULL,"⸂καὶ","καὶ","καί","καί"
60,03,21,"RP","AP","ὑμᾶς","ὑμᾶς","ὑμᾶς","σύ"
60,03,21,"A","NSN","ἀντίτυπον","ἀντίτυπον","ἀντίτυπον","ἀντίτυπος"
60,03,21,"D",NULL,"νῦν⸃","νῦν","νῦν","νῦν"
60,03,21,"V","3PAI-S","σῴζει","σῴζει","σῴζει","σῴζω"
60,03,21,"N","NSN","βάπτισμα,","βάπτισμα","βάπτισμα","βάπτισμα"
60,03,21,"D",NULL,"οὐ","οὐ","οὐ","οὐ"
60,03,21,"N","GSF","σαρκὸς","σαρκὸς","σαρκός","σάρξ"
60,03,21,"N","NSF","ἀπόθεσις","ἀπόθεσις","ἀπόθεσις","ἀπόθεσις"
60,03,21,"N","GSM","ῥύπου","ῥύπου","ῥύπου","ῥύπος"
60,03,21,"C",NULL,"ἀλλὰ","ἀλλὰ","ἀλλά","ἀλλά"
60,03,21,"N","GSF","συνειδήσεως","συνειδήσεως","συνειδήσεως","συνείδησις"
60,03,21,"A","GSF","ἀγαθῆς","ἀγαθῆς","ἀγαθῆς","ἀγαθός"
60,03,21,"N","NSN","ἐπερώτημα","ἐπερώτημα","ἐπερώτημα","ἐπερώτημα"
60,03,21,"P",NULL,"εἰς","εἰς","εἰς","εἰς"
60,03,21,"N","ASM","θεόν,","θεόν","θεόν","θεός"
60,03,21,"P",NULL,"δι’","δι’","διά","διά"
60,03,21,"N","GSF","ἀναστάσεως","ἀναστάσεως","ἀναστάσεως","ἀνάστασις"
60,03,21,"N","GSM","Ἰησοῦ","Ἰησοῦ","Ἰησοῦ","Ἰησοῦς"
60,03,21,"N","GSM","Χριστοῦ,","Χριστοῦ","Χριστοῦ","Χριστός"
60,03,22,"RR","NSM","ὅς","ὅς","ὅς","ὅς"
60,03,22,"V","3PAI-S","ἐστιν","ἐστιν","ἐστί(ν)","εἰμί"
60,03,22,"P",NULL,"ἐν","ἐν","ἐν","ἐν"
60,03,22,"A","DSF","⸀δεξιᾷ","δεξιᾷ","δεξιᾷ","δεξιός"
60,03,22,"N","GSM","θεοῦ","θεοῦ","θεοῦ","θεός"
60,03,22,"V","APPNSM","πορευθεὶς","πορευθεὶς","πορευθείς","πορεύομαι"
60,03,22,"P",NULL,"εἰς","εἰς","εἰς","εἰς"
60,03,22,"N","ASM","οὐρανὸν","οὐρανὸν","οὐρανόν","οὐρανός"
60,03,22,"V","APPGPM","ὑποταγέντων","ὑποταγέντων","ὑποταγέντων","ὑποτάσσω"
60,03,22,"RP","DSM","αὐτῷ","αὐτῷ","αὐτῷ","αὐτός"
60,03,22,"N","GPM","ἀγγέλων","ἀγγέλων","ἀγγέλων","ἄγγελος"
60,03,22,"C",NULL,"καὶ","καὶ","καί","καί"
60,03,22,"N","GPF","ἐξουσιῶν","ἐξουσιῶν","ἐξουσιῶν","ἐξουσία"
60,03,22,"C",NULL,"καὶ","καὶ","καί","καί"
60,03,22,"N","GPF","δυνάμεων.","δυνάμεων","δυνάμεων","δύναμις"
60,04,01,"N","GSM","Χριστοῦ","Χριστοῦ","Χριστοῦ","Χριστός"
60,04,01,"C",NULL,"οὖν","οὖν","οὖν","οὖν"
60,04,01,"V","AAPGSM","⸀παθόντος","παθόντος","παθόντος","πάσχω"
60,04,01,"N","DSF","σαρκὶ","σαρκὶ","σαρκί","σάρξ"
60,04,01,"D",NULL,"καὶ","καὶ","καί","καί"
60,04,01,"RP","NP","ὑμεῖς","ὑμεῖς","ὑμεῖς","σύ"
60,04,01,"RA","ASF","τὴν","τὴν","τήν","ὁ"
60,04,01,"A","ASF","αὐτὴν","αὐτὴν","αὐτήν","αὐτός"
60,04,01,"N","ASF","ἔννοιαν","ἔννοιαν","ἔννοιαν","ἔννοια"
60,04,01,"V","2AMD-P","ὁπλίσασθε,","ὁπλίσασθε","ὁπλίσασθε","ὁπλίζομαι"
60,04,01,"C",NULL,"ὅτι","ὅτι","ὅτι","ὅτι"
60,04,01,"RA","NSM","ὁ","ὁ","ὁ","ὁ"
60,04,01,"V","AAPNSM","⸀παθὼν","παθὼν","παθών","πάσχω"
60,04,01,"N","DSF","σαρκὶ","σαρκὶ","σαρκί","σάρξ"
60,04,01,"V","3XMI-S","πέπαυται","πέπαυται","πέπαυται","παύω"
60,04,01,"N","GSF","⸀ἁμαρτίας,","ἁμαρτίας","ἁμαρτίας","ἁμαρτία"
60,04,02,"P",NULL,"εἰς","εἰς","εἰς","εἰς"
60,04,02,"RA","ASN","τὸ","τὸ","τό","ὁ"
60,04,02,"D",NULL,"μηκέτι","μηκέτι","μηκέτι","μηκέτι"
60,04,02,"N","GPM","ἀνθρώπων","ἀνθρώπων","ἀνθρώπων","ἄνθρωπος"
60,04,02,"N","DPF","ἐπιθυμίαις","ἐπιθυμίαις","ἐπιθυμίαις","ἐπιθυμία"
60,04,02,"C",NULL,"ἀλλὰ","ἀλλὰ","ἀλλά","ἀλλά"
60,04,02,"N","DSN","θελήματι","θελήματι","θελήματι","θέλημα"
60,04,02,"N","GSM","θεοῦ","θεοῦ","θεοῦ","θεός"
60,04,02,"RA","ASM","τὸν","τὸν","τόν","ὁ"
60,04,02,"A","ASM","ἐπίλοιπον","ἐπίλοιπον","ἐπίλοιπον","ἐπίλοιπος"
60,04,02,"P",NULL,"ἐν","ἐν","ἐν","ἐν"
60,04,02,"N","DSF","σαρκὶ","σαρκὶ","σαρκί","σάρξ"
60,04,02,"V","AAN","βιῶσαι","βιῶσαι","βιῶσαι","βιόω"
60,04,02,"N","ASM","χρόνον.","χρόνον","χρόνον","χρόνος"
60,04,03,"A","NSM","ἀρκετὸς","ἀρκετὸς","ἀρκετός","ἀρκετός"
60,04,03,"C",NULL,"⸀γὰρ","γὰρ","γάρ","γάρ"
60,04,03,"RA","NSM","ὁ","ὁ","ὁ","ὁ"
60,04,03,"V","XAPNSM","παρεληλυθὼς","παρεληλυθὼς","παρεληλυθώς","παρέρχομαι"
60,04,03,"N","NSM","⸀χρόνος","χρόνος","χρόνος","χρόνος"
60,04,03,"RA","ASN","τὸ","τὸ","τό","ὁ"
60,04,03,"N","ASN","⸀βούλημα","βούλημα","βούλημα","βούλημα"
60,04,03,"RA","GPN","τῶν","τῶν","τῶν","ὁ"
60,04,03,"N","GPN","ἐθνῶν","ἐθνῶν","ἐθνῶν","ἔθνος"
60,04,03,"V","XMN","⸀κατειργάσθαι,","κατειργάσθαι","κατειργάσθαι","κατεργάζομαι"
60,04,03,"V","XMPAPM","πεπορευμένους","πεπορευμένους","πεπορευμένους","πορεύομαι"
60,04,03,"P",NULL,"ἐν","ἐν","ἐν","ἐν"
60,04,03,"N","DPF","ἀσελγείαις,","ἀσελγείαις","ἀσελγείαις","ἀσέλγεια"
60,04,03,"N","DPF","ἐπιθυμίαις,","ἐπιθυμίαις","ἐπιθυμίαις","ἐπιθυμία"
60,04,03,"N","DPF","οἰνοφλυγίαις,","οἰνοφλυγίαις","οἰνοφλυγίαις","οἰνοφλυγία"
60,04,03,"N","DPM","κώμοις,","κώμοις","κώμοις","κῶμος"
60,04,03,"N","DPM","πότοις,","πότοις","πότοις","πότος"
60,04,03,"C",NULL,"καὶ","καὶ","καί","καί"
60,04,03,"A","DPF","ἀθεμίτοις","ἀθεμίτοις","ἀθεμίτοις","ἀθέμιτος"
60,04,03,"N","DPF","εἰδωλολατρίαις.","εἰδωλολατρίαις","εἰδωλολατρίαις","εἰδωλολατρία"
60,04,04,"P",NULL,"ἐν","ἐν","ἐν","ἐν"
60,04,04,"RR","DSN","ᾧ","ᾧ","ᾧ","ὅς"
60,04,04,"V","3PPI-P","ξενίζονται","ξενίζονται","ξενίζονται","ξενίζω"
60,04,04,"D",NULL,"μὴ","μὴ","μή","μή"
60,04,04,"V","PAPGPM","συντρεχόντων","συντρεχόντων","συντρεχόντων","συντρέχω"
60,04,04,"RP","GP","ὑμῶν","ὑμῶν","ὑμῶν","σύ"
60,04,04,"P",NULL,"εἰς","εἰς","εἰς","εἰς"
60,04,04,"RA","ASF","τὴν","τὴν","τήν","ὁ"
60,04,04,"A","ASF","αὐτὴν","αὐτὴν","αὐτήν","αὐτός"
60,04,04,"RA","GSF","τῆς","τῆς","τῆς","ὁ"
60,04,04,"N","GSF","ἀσωτίας","ἀσωτίας","ἀσωτίας","ἀσωτία"
60,04,04,"N","ASF","ἀνάχυσιν,","ἀνάχυσιν","ἀνάχυσιν","ἀνάχυσις"
60,04,04,"V","PAPNPM","βλασφημοῦντες·","βλασφημοῦντες","βλασφημοῦντες","βλασφημέω"
60,04,05,"RR","NPM","οἳ","οἳ","οἵ","ὅς"
60,04,05,"V","3FAI-P","ἀποδώσουσιν","ἀποδώσουσιν","ἀποδώσουσι(ν)","ἀποδίδωμι"
60,04,05,"N","ASM","λόγον","λόγον","λόγον","λόγος"
60,04,05,"RA","DSM","τῷ","τῷ","τῷ","ὁ"
60,04,05,"D",NULL,"ἑτοίμως","ἑτοίμως","ἑτοίμως","ἑτοίμως"
60,04,05,"V","PAPDSM","⸂ἔχοντι","ἔχοντι","ἔχοντι","ἔχω"
60,04,05,"V","AAN","κρῖναι⸃","κρῖναι","κρῖναι","κρίνω"
60,04,05,"V","PAPAPM","ζῶντας","ζῶντας","ζῶντας","ζάω"
60,04,05,"C",NULL,"καὶ","καὶ","καί","καί"
60,04,05,"A","APM","νεκρούς·","νεκρούς","νεκρούς","νεκρός"
60,04,06,"P",NULL,"εἰς","εἰς","εἰς","εἰς"
60,04,06,"RD","ASN","τοῦτο","τοῦτο","τοῦτο","οὗτος"
60,04,06,"C",NULL,"γὰρ","γὰρ","γάρ","γάρ"
60,04,06,"D",NULL,"καὶ","καὶ","καί","καί"
60,04,06,"A","DPM","νεκροῖς","νεκροῖς","νεκροῖς","νεκρός"
60,04,06,"V","3API-S","εὐηγγελίσθη","εὐηγγελίσθη","εὐηγγελίσθη","εὐαγγελίζω"
60,04,06,"C",NULL,"ἵνα","ἵνα","ἵνα","ἵνα"
60,04,06,"V","3APS-P","κριθῶσι","κριθῶσι","κριθῶσι(ν)","κρίνω"
60,04,06,"C",NULL,"μὲν","μὲν","μέν","μέν"
60,04,06,"P",NULL,"κατὰ","κατὰ","κατά","κατά"
60,04,06,"N","APM","ἀνθρώπους","ἀνθρώπους","ἀνθρώπους","ἄνθρωπος"
60,04,06,"N","DSF","σαρκὶ","σαρκὶ","σαρκί","σάρξ"
60,04,06,"V","3PAS-P","ζῶσι","ζῶσι","ζῶσι(ν)","ζάω"
60,04,06,"C",NULL,"δὲ","δὲ","δέ","δέ"
60,04,06,"P",NULL,"κατὰ","κατὰ","κατά","κατά"
60,04,06,"N","ASM","θεὸν","θεὸν","θεόν","θεός"
60,04,06,"N","DSN","πνεύματι.","πνεύματι","πνεύματι","πνεῦμα"
60,04,07,"A","GPN","Πάντων","Πάντων","πάντων","πᾶς"
60,04,07,"C",NULL,"δὲ","δὲ","δέ","δέ"
60,04,07,"RA","NSN","τὸ","τὸ","τό","ὁ"
60,04,07,"N","NSN","τέλος","τέλος","τέλος","τέλος"
60,04,07,"V","3XAI-S","ἤγγικεν.","ἤγγικεν","ἤγγικε(ν)","ἐγγίζω"
60,04,07,"V","2AAD-P","σωφρονήσατε","σωφρονήσατε","σωφρονήσατε","σωφρονέω"
60,04,07,"C",NULL,"οὖν","οὖν","οὖν","οὖν"
60,04,07,"C",NULL,"καὶ","καὶ","καί","καί"
60,04,07,"V","2AAD-P","νήψατε","νήψατε","νήψατε","νήφω"
60,04,07,"P",NULL,"⸀εἰς","εἰς","εἰς","εἰς"
60,04,07,"N","APF","προσευχάς·","προσευχάς","προσευχάς","προσευχή"
60,04,08,"P",NULL,"πρὸ","πρὸ","πρό","πρό"
60,04,08,"A","GPN","⸀πάντων","πάντων","πάντων","πᾶς"
60,04,08,"RA","ASF","τὴν","τὴν","τήν","ὁ"
60,04,08,"P",NULL,"εἰς","εἰς","εἰς","εἰς"
60,04,08,"RP","APM","ἑαυτοὺς","ἑαυτοὺς","ἑαυτούς","ἑαυτοῦ"
60,04,08,"N","ASF","ἀγάπην","ἀγάπην","ἀγάπην","ἀγάπη"
60,04,08,"A","ASF","ἐκτενῆ","ἐκτενῆ","ἐκτενῆ","ἐκτενής"
60,04,08,"V","PAPNPM","ἔχοντες,","ἔχοντες","ἔχοντες","ἔχω"
60,04,08,"C",NULL,"ὅτι","ὅτι","ὅτι","ὅτι"
60,04,08,"N","NSF","ἀγάπη","ἀγάπη","ἀγάπη","ἀγάπη"
60,04,08,"V","3PAI-S","⸀καλύπτει","καλύπτει","καλύπτει","καλύπτω"
60,04,08,"N","ASN","πλῆθος","πλῆθος","πλῆθος","πλῆθος"
60,04,08,"N","GPF","ἁμαρτιῶν·","ἁμαρτιῶν","ἁμαρτιῶν","ἁμαρτία"
60,04,09,"A","NPM","φιλόξενοι","φιλόξενοι","φιλόξενοι","φιλόξενος"
60,04,09,"P",NULL,"εἰς","εἰς","εἰς","εἰς"
60,04,09,"RP","APM","ἀλλήλους","ἀλλήλους","ἀλλήλους","ἀλλήλων"
60,04,09,"P",NULL,"ἄνευ","ἄνευ","ἄνευ","ἄνευ"
60,04,09,"N","GSM","⸀γογγυσμοῦ·","γογγυσμοῦ","γογγυσμοῦ","γογγυσμός"
60,04,10,"A","NSM","ἕκαστος","ἕκαστος","ἕκαστος","ἕκαστος"
60,04,10,"C",NULL,"καθὼς","καθὼς","καθώς","καθώς"
60,04,10,"V","3AAI-S","ἔλαβεν","ἔλαβεν","ἔλαβε(ν)","λαμβάνω"
60,04,10,"N","ASN","χάρισμα,","χάρισμα","χάρισμα","χάρισμα"
60,04,10,"P",NULL,"εἰς","εἰς","εἰς","εἰς"
60,04,10,"RP","APM","ἑαυτοὺς","ἑαυτοὺς","ἑαυτούς","ἑαυτοῦ"
60,04,10,"RP","ASN","αὐτὸ","αὐτὸ","αὐτό","αὐτός"
60,04,10,"V","PAPNPM","διακονοῦντες","διακονοῦντες","διακονοῦντες","διακονέω"
60,04,10,"C",NULL,"ὡς","ὡς","ὡς","ὡς"
60,04,10,"A","NPM","καλοὶ","καλοὶ","καλοί","καλός"
60,04,10,"N","NPM","οἰκονόμοι","οἰκονόμοι","οἰκονόμοι","οἰκονόμος"
60,04,10,"A","GSF","ποικίλης","ποικίλης","ποικίλης","ποικίλος"
60,04,10,"N","GSF","χάριτος","χάριτος","χάριτος","χάρις"
60,04,10,"N","GSM","θεοῦ·","θεοῦ","θεοῦ","θεός"
60,04,11,"C",NULL,"εἴ","εἴ","εἰ","εἰ"
60,04,11,"RI","NSM","τις","τις","τὶς","τις"
60,04,11,"V","3PAI-S","λαλεῖ,","λαλεῖ","λαλεῖ","λαλέω"
60,04,11,"C",NULL,"ὡς","ὡς","ὡς","ὡς"
60,04,11,"N","APN","λόγια","λόγια","λόγια","λόγιον"
60,04,11,"N","GSM","θεοῦ·","θεοῦ","θεοῦ","θεός"
60,04,11,"C",NULL,"εἴ","εἴ","εἰ","εἰ"
60,04,11,"RI","NSM","τις","τις","τὶς","τις"
60,04,11,"V","3PAI-S","διακονεῖ,","διακονεῖ","διακονεῖ","διακονέω"
60,04,11,"C",NULL,"ὡς","ὡς","ὡς","ὡς"
60,04,11,"P",NULL,"ἐξ","ἐξ","ἐκ","ἐκ"
60,04,11,"N","GSF","ἰσχύος","ἰσχύος","ἰσχύος","ἰσχύς"
60,04,11,"RR","GSF","⸀ἧς","ἧς","ἧς","ὅς"
60,04,11,"V","3PAI-S","χορηγεῖ","χορηγεῖ","χορηγεῖ","χορηγέω"
60,04,11,"RA","NSM","ὁ","ὁ","ὁ","ὁ"
60,04,11,"N","NSM","θεός·","θεός","θεός","θεός"
60,04,11,"C",NULL,"ἵνα","ἵνα","ἵνα","ἵνα"
60,04,11,"P",NULL,"ἐν","ἐν","ἐν","ἐν"
60,04,11,"A","DPN","πᾶσιν","πᾶσιν","πᾶσι(ν)","πᾶς"
60,04,11,"V","3PPS-S","δοξάζηται","δοξάζηται","δοξάζηται","δοξάζω"
60,04,11,"RA","NSM","ὁ","ὁ","ὁ","ὁ"
60,04,11,"N","NSM","θεὸς","θεὸς","θεός","θεός"
60,04,11,"P",NULL,"διὰ","διὰ","διά","διά"
60,04,11,"N","GSM","Ἰησοῦ","Ἰησοῦ","Ἰησοῦ","Ἰησοῦς"
60,04,11,"N","GSM","Χριστοῦ,","Χριστοῦ","Χριστοῦ","Χριστός"
60,04,11,"RR","DSM","ᾧ","ᾧ","ᾧ","ὅς"
60,04,11,"V","3PAI-S","ἐστιν","ἐστιν","ἐστί(ν)","εἰμί"
60,04,11,"RA","NSF","ἡ","ἡ","ἡ","ὁ"
60,04,11,"N","NSF","δόξα","δόξα","δόξα","δόξα"
60,04,11,"C",NULL,"καὶ","καὶ","καί","καί"
60,04,11,"RA","NSN","τὸ","τὸ","τό","ὁ"
60,04,11,"N","NSN","κράτος","κράτος","κράτος","κράτος"
60,04,11,"P",NULL,"εἰς","εἰς","εἰς","εἰς"
60,04,11,"RA","APM","τοὺς","τοὺς","τούς","ὁ"
60,04,11,"N","APM","αἰῶνας","αἰῶνας","αἰῶνας","αἰών"
60,04,11,"RA","GPM","τῶν","τῶν","τῶν","ὁ"
60,04,11,"N","GPM","αἰώνων·","αἰώνων","αἰώνων","αἰών"
60,04,11,"X",NULL,"ἀμήν.","ἀμήν","ἀμήν","ἀμήν"
60,04,12,"A","VPM","Ἀγαπητοί,","Ἀγαπητοί","ἀγαπητοί","ἀγαπητός"
60,04,12,"D",NULL,"μὴ","μὴ","μή","μή"
60,04,12,"V","2PPD-P","ξενίζεσθε","ξενίζεσθε","ξενίζεσθε","ξενίζω"
60,04,12,"RA","DSF","τῇ","τῇ","τῇ","ὁ"
60,04,12,"P",NULL,"ἐν","ἐν","ἐν","ἐν"
60,04,12,"RP","DP","ὑμῖν","ὑμῖν","ὑμῖν","σύ"
60,04,12,"N","DSF","πυρώσει","πυρώσει","πυρώσει","πύρωσις"
60,04,12,"P",NULL,"πρὸς","πρὸς","πρός","πρός"
60,04,12,"N","ASM","πειρασμὸν","πειρασμὸν","πειρασμόν","πειρασμός"
60,04,12,"RP","DP","ὑμῖν","ὑμῖν","ὑμῖν","σύ"
60,04,12,"V","PMPDSF","γινομένῃ","γινομένῃ","γινομένῃ","γίνομαι"
60,04,12,"C",NULL,"ὡς","ὡς","ὡς","ὡς"
60,04,12,"A","GSN","ξένου","ξένου","ξένου","ξένος"
60,04,12,"RP","DP","ὑμῖν","ὑμῖν","ὑμῖν","σύ"
60,04,12,"V","PAPGSN","συμβαίνοντος,","συμβαίνοντος","συμβαίνοντος","συμβαίνω"
60,04,13,"C",NULL,"ἀλλὰ","ἀλλὰ","ἀλλά","ἀλλά"
60,04,13,"C",NULL,"καθὸ","καθὸ","καθό","καθό"
60,04,13,"V","2PAI-P","κοινωνεῖτε","κοινωνεῖτε","κοινωνεῖτε","κοινωνέω"
60,04,13,"RA","DPN","τοῖς","τοῖς","τοῖς","ὁ"
60,04,13,"RA","GSM","τοῦ","τοῦ","τοῦ","ὁ"
60,04,13,"N","GSM","Χριστοῦ","Χριστοῦ","Χριστοῦ","Χριστός"
60,04,13,"N","DPN","παθήμασιν","παθήμασιν","παθήμασι(ν)","πάθημα"
60,04,13,"V","2PAD-P","χαίρετε,","χαίρετε","χαίρετε","χαίρω"
60,04,13,"C",NULL,"ἵνα","ἵνα","ἵνα","ἵνα"
60,04,13,"D",NULL,"καὶ","καὶ","καί","καί"
60,04,13,"P",NULL,"ἐν","ἐν","ἐν","ἐν"
60,04,13,"RA","DSF","τῇ","τῇ","τῇ","ὁ"
60,04,13,"N","DSF","ἀποκαλύψει","ἀποκαλύψει","ἀποκαλύψει","ἀποκάλυψις"
60,04,13,"RA","GSF","τῆς","τῆς","τῆς","ὁ"
60,04,13,"N","GSF","δόξης","δόξης","δόξης","δόξα"
60,04,13,"RP","GSM","αὐτοῦ","αὐτοῦ","αὐτοῦ","αὐτός"
60,04,13,"V","2APS-P","χαρῆτε","χαρῆτε","χαρῆτε","χαίρω"
60,04,13,"V","PMPNPM","ἀγαλλιώμενοι.","ἀγαλλιώμενοι","ἀγαλλιώμενοι","ἀγαλλιάω"
60,04,14,"C",NULL,"εἰ","εἰ","εἰ","εἰ"
60,04,14,"V","2PPI-P","ὀνειδίζεσθε","ὀνειδίζεσθε","ὀνειδίζεσθε","ὀνειδίζω"
60,04,14,"P",NULL,"ἐν","ἐν","ἐν","ἐν"
60,04,14,"N","DSN","ὀνόματι","ὀνόματι","ὀνόματι","ὄνομα"
60,04,14,"N","GSM","Χριστοῦ,","Χριστοῦ","Χριστοῦ","Χριστός"
60,04,14,"A","NPM","μακάριοι,","μακάριοι","μακάριοι","μακάριος"
60,04,14,"C",NULL,"ὅτι","ὅτι","ὅτι","ὅτι"
60,04,14,"RA","NSN","τὸ","τὸ","τό","ὁ"
60,04,14,"RA","GSF","τῆς","τῆς","τῆς","ὁ"
60,04,14,"N","GSF","δόξης","δόξης","δόξης","δόξα"
60,04,14,"C",NULL,"καὶ","καὶ","καί","καί"
60,04,14,"RA","NSN","τὸ","τὸ","τό","ὁ"
60,04,14,"RA","GSM","τοῦ","τοῦ","τοῦ","ὁ"
60,04,14,"N","GSM","θεοῦ","θεοῦ","θεοῦ","θεός"
60,04,14,"N","NSN","πνεῦμα","πνεῦμα","πνεῦμα","πνεῦμα"
60,04,14,"P",NULL,"ἐφ’","ἐφ’","ἐπί","ἐπί"
60,04,14,"RP","AP","ὑμᾶς","ὑμᾶς","ὑμᾶς","σύ"
60,04,14,"V","3PMI-S","⸀ἀναπαύεται.","ἀναπαύεται","ἀναπαύεται","ἀναπαύω"
60,04,15,"D",NULL,"μὴ","μὴ","μή","μή"
60,04,15,"C",NULL,"γάρ","γάρ","γάρ","γάρ"
60,04,15,"RI","NSM","τις","τις","τὶς","τις"
60,04,15,"RP","GP","ὑμῶν","ὑμῶν","ὑμῶν","σύ"
60,04,15,"V","3PAD-S","πασχέτω","πασχέτω","πασχέτω","πάσχω"
60,04,15,"C",NULL,"ὡς","ὡς","ὡς","ὡς"
60,04,15,"N","NSM","φονεὺς","φονεὺς","φονεύς","φονεύς"
60,04,15,"C",NULL,"ἢ","ἢ","ἤ","ἤ"
60,04,15,"N","NSM","κλέπτης","κλέπτης","κλέπτης","κλέπτης"
60,04,15,"C",NULL,"ἢ","ἢ","ἤ","ἤ"
60,04,15,"N","NSM","κακοποιὸς","κακοποιὸς","κακοποιός","κακοποιός"
60,04,15,"C",NULL,"ἢ","ἢ","ἤ","ἤ"
60,04,15,"C",NULL,"ὡς","ὡς","ὡς","ὡς"
60,04,15,"N","NSM","ἀλλοτριεπίσκοπος·","ἀλλοτριεπίσκοπος","ἀλλοτριεπίσκοπος","ἀλλοτριεπίσκοπος"
60,04,16,"C",NULL,"εἰ","εἰ","εἰ","εἰ"
60,04,16,"C",NULL,"δὲ","δὲ","δέ","δέ"
60,04,16,"C",NULL,"ὡς","ὡς","ὡς","ὡς"
60,04,16,"N","NSM","Χριστιανός,","Χριστιανός","Χριστιανός","Χριστιανός"
60,04,16,"D",NULL,"μὴ","μὴ","μή","μή"
60,04,16,"V","3PMD-S","αἰσχυνέσθω,","αἰσχυνέσθω","αἰσχυνέσθω","αἰσχύνομαι"
60,04,16,"V","3PAD-S","δοξαζέτω","δοξαζέτω","δοξαζέτω","δοξάζω"
60,04,16,"C",NULL,"δὲ","δὲ","δέ","δέ"
60,04,16,"RA","ASM","τὸν","τὸν","τόν","ὁ"
60,04,16,"N","ASM","θεὸν","θεὸν","θεόν","θεός"
60,04,16,"P",NULL,"ἐν","ἐν","ἐν","ἐν"
60,04,16,"RA","DSN","τῷ","τῷ","τῷ","ὁ"
60,04,16,"N","DSN","⸀ὀνόματι","ὀνόματι","ὀνόματι","ὄνομα"
60,04,16,"RD","DSN","τούτῳ.","τούτῳ","τούτῳ","οὗτος"
60,04,17,"C",NULL,"ὅτι","ὅτι","ὅτι","ὅτι"
60,04,17,"RA","NSM","ὁ","ὁ","ὁ","ὁ"
60,04,17,"N","NSM","καιρὸς","καιρὸς","καιρός","καιρός"
60,04,17,"RA","GSN","τοῦ","τοῦ","τοῦ","ὁ"
60,04,17,"V","AMN","ἄρξασθαι","ἄρξασθαι","ἄρξασθαι","ἄρχω"
60,04,17,"RA","ASN","τὸ","τὸ","τό","ὁ"
60,04,17,"N","ASN","κρίμα","κρίμα","κρίμα","κρίμα"
60,04,17,"P",NULL,"ἀπὸ","ἀπὸ","ἀπό","ἀπό"
60,04,17,"RA","GSM","τοῦ","τοῦ","τοῦ","ὁ"
60,04,17,"N","GSM","οἴκου","οἴκου","οἴκου","οἶκος"
60,04,17,"RA","GSM","τοῦ","τοῦ","τοῦ","ὁ"
60,04,17,"N","GSM","θεοῦ·","θεοῦ","θεοῦ","θεός"
60,04,17,"C",NULL,"εἰ","εἰ","εἰ","εἰ"
60,04,17,"C",NULL,"δὲ","δὲ","δέ","δέ"
60,04,17,"A","ASN","πρῶτον","πρῶτον","πρῶτον","πρῶτος"
60,04,17,"P",NULL,"ἀφ’","ἀφ’","ἀπό","ἀπό"
60,04,17,"RP","GP","ἡμῶν,","ἡμῶν","ἡμῶν","ἐγώ"
60,04,17,"RI","NSN","τί","τί","τί","τίς"
60,04,17,"RA","NSN","τὸ","τὸ","τό","ὁ"
60,04,17,"N","NSN","τέλος","τέλος","τέλος","τέλος"
60,04,17,"RA","GPM","τῶν","τῶν","τῶν","ὁ"
60,04,17,"V","PAPGPM","ἀπειθούντων","ἀπειθούντων","ἀπειθούντων","ἀπειθέω"
60,04,17,"RA","DSN","τῷ","τῷ","τῷ","ὁ"
60,04,17,"RA","GSM","τοῦ","τοῦ","τοῦ","ὁ"
60,04,17,"N","GSM","θεοῦ","θεοῦ","θεοῦ","θεός"
60,04,17,"N","DSN","εὐαγγελίῳ;","εὐαγγελίῳ","εὐαγγελίῳ","εὐαγγέλιον"
60,04,18,"C",NULL,"καὶ","καὶ","καί","καί"
60,04,18,"C",NULL,"εἰ","εἰ","εἰ","εἰ"
60,04,18,"RA","NSM","ὁ","ὁ","ὁ","ὁ"
60,04,18,"A","NSM","δίκαιος","δίκαιος","δίκαιος","δίκαιος"
60,04,18,"D",NULL,"μόλις","μόλις","μόλις","μόλις"
60,04,18,"V","3PPI-S","σῴζεται,","σῴζεται","σῴζεται","σῴζω"
60,04,18,"RA","NSM","⸀ὁ","ὁ","ὁ","ὁ"
60,04,18,"A","NSM","ἀσεβὴς","ἀσεβὴς","ἀσεβής","ἀσεβής"
60,04,18,"C",NULL,"καὶ","καὶ","καί","καί"
60,04,18,"A","NSM","ἁμαρτωλὸς","ἁμαρτωλὸς","ἁμαρτωλός","ἁμαρτωλός"
60,04,18,"D",NULL,"ποῦ","ποῦ","ποῦ","ποῦ"
60,04,18,"V","3FMI-S","φανεῖται;","φανεῖται","φανεῖται","φαίνω"
60,04,19,"C",NULL,"ὥστε","ὥστε","ὥστε","ὥστε"
60,04,19,"D",NULL,"καὶ","καὶ","καί","καί"
60,04,19,"RA","NPM","οἱ","οἱ","οἱ","ὁ"
60,04,19,"V","PAPNPM","πάσχοντες","πάσχοντες","πάσχοντες","πάσχω"
60,04,19,"P",NULL,"κατὰ","κατὰ","κατά","κατά"
60,04,19,"RA","ASN","τὸ","τὸ","τό","ὁ"
60,04,19,"N","ASN","θέλημα","θέλημα","θέλημα","θέλημα"
60,04,19,"RA","GSM","τοῦ","τοῦ","τοῦ","ὁ"
60,04,19,"N","GSM","⸀θεοῦ","θεοῦ","θεοῦ","θεός"
60,04,19,"A","DSM","πιστῷ","πιστῷ","πιστῷ","πιστός"
60,04,19,"N","DSM","κτίστῃ","κτίστῃ","κτίστῃ","κτίστης"
60,04,19,"V","3PMD-P","παρατιθέσθωσαν","παρατιθέσθωσαν","παρατιθέσθωσαν","παρατίθημι"
60,04,19,"RA","APF","τὰς","τὰς","τάς","ὁ"
60,04,19,"N","APF","ψυχὰς","ψυχὰς","ψυχάς","ψυχή"
60,04,19,"RP","GPM","⸀αὐτῶν","αὐτῶν","αὐτῶν","αὐτός"
60,04,19,"P",NULL,"ἐν","ἐν","ἐν","ἐν"
60,04,19,"N","DSF","ἀγαθοποιΐᾳ.","ἀγαθοποιΐᾳ","ἀγαθοποιΐᾳ","ἀγαθοποιΐα"
60,05,01,"A","APM","Πρεσβυτέρους","Πρεσβυτέρους","πρεσβυτέρους","πρεσβύτερος"
60,05,01,"C",NULL,"⸀οὖν","οὖν","οὖν","οὖν"
60,05,01,"P",NULL,"ἐν","ἐν","ἐν","ἐν"
60,05,01,"RP","DP","ὑμῖν","ὑμῖν","ὑμῖν","σύ"
60,05,01,"V","1PAI-S","παρακαλῶ","παρακαλῶ","παρακαλῶ","παρακαλέω"
60,05,01,"RA","NSM","ὁ","ὁ","ὁ","ὁ"
60,05,01,"N","NSM","συμπρεσβύτερος","συμπρεσβύτερος","συμπρεσβύτερος","συμπρεσβύτερος"
60,05,01,"C",NULL,"καὶ","καὶ","καί","καί"
60,05,01,"N","NSM","μάρτυς","μάρτυς","μάρτυς","μάρτυς"
60,05,01,"RA","GPN","τῶν","τῶν","τῶν","ὁ"
60,05,01,"RA","GSM","τοῦ","τοῦ","τοῦ","ὁ"
60,05,01,"N","GSM","Χριστοῦ","Χριστοῦ","Χριστοῦ","Χριστός"
60,05,01,"N","GPN","παθημάτων,","παθημάτων","παθημάτων","πάθημα"
60,05,01,"RA","NSM","ὁ","ὁ","ὁ","ὁ"
60,05,01,"D",NULL,"καὶ","καὶ","καί","καί"
60,05,01,"RA","GSF","τῆς","τῆς","τῆς","ὁ"
60,05,01,"V","PAPGSF","μελλούσης","μελλούσης","μελλούσης","μέλλω"
60,05,01,"V","PPN","ἀποκαλύπτεσθαι","ἀποκαλύπτεσθαι","ἀποκαλύπτεσθαι","ἀποκαλύπτω"
60,05,01,"N","GSF","δόξης","δόξης","δόξης","δόξα"
60,05,01,"N","NSM","κοινωνός,","κοινωνός","κοινωνός","κοινωνός"
60,05,02,"V","2AAD-P","ποιμάνατε","ποιμάνατε","ποιμάνατε","ποιμαίνω"
60,05,02,"RA","ASN","τὸ","τὸ","τό","ὁ"
60,05,02,"P",NULL,"ἐν","ἐν","ἐν","ἐν"
60,05,02,"RP","DP","ὑμῖν","ὑμῖν","ὑμῖν","σύ"
60,05,02,"N","ASN","ποίμνιον","ποίμνιον","ποίμνιον","ποίμνιον"
60,05,02,"RA","GSM","τοῦ","τοῦ","τοῦ","ὁ"
60,05,02,"N","GSM","θεοῦ,","θεοῦ","θεοῦ","θεός"
60,05,02,"V","PAPNPM","⸀ἐπισκοποῦντες","ἐπισκοποῦντες","ἐπισκοποῦντες","ἐπισκοπέω"
60,05,02,"D",NULL,"μὴ","μὴ","μή","μή"
60,05,02,"D",NULL,"ἀναγκαστῶς","ἀναγκαστῶς","ἀναγκαστῶς","ἀναγκαστῶς"
60,05,02,"C",NULL,"ἀλλὰ","ἀλλὰ","ἀλλά","ἀλλά"
60,05,02,"D",NULL,"ἑκουσίως","ἑκουσίως","ἑκουσίως","ἑκουσίως"
60,05,02,"P",NULL,"⸂κατὰ","κατὰ","κατά","κατά"
60,05,02,"N","ASM","θεόν⸃,","θεόν","θεόν","θεός"
60,05,02,"C",NULL,"μηδὲ","μηδὲ","μηδέ","μηδέ"
60,05,02,"D",NULL,"αἰσχροκερδῶς","αἰσχροκερδῶς","αἰσχροκερδῶς","αἰσχροκερδῶς"
60,05,02,"C",NULL,"ἀλλὰ","ἀλλὰ","ἀλλά","ἀλλά"
60,05,02,"D",NULL,"προθύμως,","προθύμως","προθύμως","προθύμως"
60,05,03,"C",NULL,"μηδ’","μηδ’","μηδέ","μηδέ"
60,05,03,"C",NULL,"ὡς","ὡς","ὡς","ὡς"
60,05,03,"V","PAPNPM","κατακυριεύοντες","κατακυριεύοντες","κατακυριεύοντες","κατακυριεύω"
60,05,03,"RA","GPM","τῶν","τῶν","τῶν","ὁ"
60,05,03,"N","GPM","κλήρων","κλήρων","κλήρων","κλῆρος"
60,05,03,"C",NULL,"ἀλλὰ","ἀλλὰ","ἀλλά","ἀλλά"
60,05,03,"N","NPM","τύποι","τύποι","τύποι","τύπος"
60,05,03,"V","PMPNPM","γινόμενοι","γινόμενοι","γινόμενοι","γίνομαι"
60,05,03,"RA","GSN","τοῦ","τοῦ","τοῦ","ὁ"
60,05,03,"N","GSN","ποιμνίου·","ποιμνίου","ποιμνίου","ποίμνιον"
60,05,04,"C",NULL,"καὶ","καὶ","καί","καί"
60,05,04,"V","APPGSM","φανερωθέντος","φανερωθέντος","φανερωθέντος","φανερόω"
60,05,04,"RA","GSM","τοῦ","τοῦ","τοῦ","ὁ"
60,05,04,"N","GSM","ἀρχιποίμενος","ἀρχιποίμενος","ἀρχιποίμενος","ἀρχιποίμην"
60,05,04,"V","2FMI-P","κομιεῖσθε","κομιεῖσθε","κομιεῖσθε","κομίζω"
60,05,04,"RA","ASM","τὸν","τὸν","τόν","ὁ"
60,05,04,"A","ASM","ἀμαράντινον","ἀμαράντινον","ἀμαράντινον","ἀμαράντινος"
60,05,04,"RA","GSF","τῆς","τῆς","τῆς","ὁ"
60,05,04,"N","GSF","δόξης","δόξης","δόξης","δόξα"
60,05,04,"N","ASM","στέφανον.","στέφανον","στέφανον","στέφανος"
60,05,05,"D",NULL,"ὁμοίως,","ὁμοίως","ὁμοίως","ὁμοίως"
60,05,05,"A","VPMC","νεώτεροι,","νεώτεροι","νεώτεροι","νέος"
60,05,05,"V","2APD-P","ὑποτάγητε","ὑποτάγητε","ὑποτάγητε","ὑποτάσσω"
60,05,05,"A","DPMC","πρεσβυτέροις.","πρεσβυτέροις","πρεσβυτέροις","πρεσβύτερος"
60,05,05,"A","VPM","πάντες","πάντες","πάντες","πᾶς"
60,05,05,"C",NULL,"δὲ","δὲ","δέ","δέ"
60,05,05,"RP","DPM","⸀ἀλλήλοις","ἀλλήλοις","ἀλλήλοις","ἀλλήλων"
60,05,05,"RA","ASF","τὴν","τὴν","τήν","ὁ"
60,05,05,"N","ASF","ταπεινοφροσύνην","ταπεινοφροσύνην","ταπεινοφροσύνην","ταπεινοφροσύνη"
60,05,05,"V","2AMD-P","ἐγκομβώσασθε,","ἐγκομβώσασθε","ἐγκομβώσασθε","ἐγκομβόομαι"
60,05,05,"C",NULL,"ὅτι","ὅτι","ὅτι","ὅτι"
60,05,05,"RA","NSM","Ὁ","Ὁ","ὁ","ὁ"
60,05,05,"N","NSM","θεὸς","θεὸς","θεός","θεός"
60,05,05,"A","DPM","ὑπερηφάνοις","ὑπερηφάνοις","ὑπερηφάνοις","ὑπερήφανος"
60,05,05,"V","3PMI-S","ἀντιτάσσεται","ἀντιτάσσεται","ἀντιτάσσεται","ἀντιτάσσομαι"
60,05,05,"A","DPM","ταπεινοῖς","ταπεινοῖς","ταπεινοῖς","ταπεινός"
60,05,05,"C",NULL,"δὲ","δὲ","δέ","δέ"
60,05,05,"V","3PAI-S","δίδωσιν","δίδωσιν","δίδωσι(ν)","δίδωμι"
60,05,05,"N","ASF","χάριν.","χάριν","χάριν","χάρις"
60,05,06,"V","2APD-P","Ταπεινώθητε","Ταπεινώθητε","ταπεινώθητε","ταπεινόω"
60,05,06,"C",NULL,"οὖν","οὖν","οὖν","οὖν"
60,05,06,"P",NULL,"ὑπὸ","ὑπὸ","ὑπό","ὑπό"
60,05,06,"RA","ASF","τὴν","τὴν","τήν","ὁ"
60,05,06,"A","ASF","κραταιὰν","κραταιὰν","κραταιάν","κραταιός"
60,05,06,"N","ASF","χεῖρα","χεῖρα","χεῖρα","χείρ"
60,05,06,"RA","GSM","τοῦ","τοῦ","τοῦ","ὁ"
60,05,06,"N","GSM","θεοῦ,","θεοῦ","θεοῦ","θεός"
60,05,06,"C",NULL,"ἵνα","ἵνα","ἵνα","ἵνα"
60,05,06,"RP","AP","ὑμᾶς","ὑμᾶς","ὑμᾶς","σύ"
60,05,06,"V","3AAS-S","ὑψώσῃ","ὑψώσῃ","ὑψώσῃ","ὑψόω"
60,05,06,"P",NULL,"ἐν","ἐν","ἐν","ἐν"
60,05,06,"N","DSM","καιρῷ,","καιρῷ","καιρῷ","καιρός"
60,05,07,"A","ASF","πᾶσαν","πᾶσαν","πᾶσαν","πᾶς"
60,05,07,"RA","ASF","τὴν","τὴν","τήν","ὁ"
60,05,07,"N","ASF","μέριμναν","μέριμναν","μέριμναν","μέριμνα"
60,05,07,"RP","GP","ὑμῶν","ὑμῶν","ὑμῶν","σύ"
60,05,07,"V","AAPNPM","ἐπιρίψαντες","ἐπιρίψαντες","ἐπιρίψαντες","ἐπιρίπτω"
60,05,07,"P",NULL,"ἐπ’","ἐπ’","ἐπί","ἐπί"
60,05,07,"RP","ASM","αὐτόν,","αὐτόν","αὐτόν","αὐτός"
60,05,07,"C",NULL,"ὅτι","ὅτι","ὅτι","ὅτι"
60,05,07,"RP","DSM","αὐτῷ","αὐτῷ","αὐτῷ","αὐτός"
60,05,07,"V","3PAI-S","μέλει","μέλει","μέλει","μέλει"
60,05,07,"P",NULL,"περὶ","περὶ","περί","περί"
60,05,07,"RP","GP","ὑμῶν.","ὑμῶν","ὑμῶν","σύ"
60,05,08,"V","2AAD-P","νήψατε,","νήψατε","νήψατε","νήφω"
60,05,08,"V","2AAD-P","γρηγορήσατε.","γρηγορήσατε","γρηγορήσατε","γρηγορέω"
60,05,08,"RA","NSM","ὁ","ὁ","ὁ","ὁ"
60,05,08,"N","NSM","ἀντίδικος","ἀντίδικος","ἀντίδικος","ἀντίδικος"
60,05,08,"RP","GP","ὑμῶν","ὑμῶν","ὑμῶν","σύ"
60,05,08,"A","NSM","διάβολος","διάβολος","διάβολος","διάβολος"
60,05,08,"C",NULL,"ὡς","ὡς","ὡς","ὡς"
60,05,08,"N","NSM","λέων","λέων","λέων","λέων"
60,05,08,"V","PMPNSM","ὠρυόμενος","ὠρυόμενος","ὠρυόμενος","ὠρύομαι"
60,05,08,"V","3PAI-S","περιπατεῖ","περιπατεῖ","περιπατεῖ","περιπατέω"
60,05,08,"V","PAPNSM","ζητῶν","ζητῶν","ζητῶν","ζητέω"
60,05,08,"RI","ASM","⸀τινα","τινα","τινά","τις"
60,05,08,"V","AAN","⸀καταπιεῖν·","καταπιεῖν","καταπιεῖν","καταπίνω"
60,05,09,"RR","DSM","ᾧ","ᾧ","ᾧ","ὅς"
60,05,09,"V","2AAD-P","ἀντίστητε","ἀντίστητε","ἀντίστητε","ἀνθίστημι"
60,05,09,"A","NPM","στερεοὶ","στερεοὶ","στερεοί","στερεός"
60,05,09,"RA","DSF","τῇ","τῇ","τῇ","ὁ"
60,05,09,"N","DSF","πίστει,","πίστει","πίστει","πίστις"
60,05,09,"V","XAPNPM","εἰδότες","εἰδότες","εἰδότες","οἶδα"
60,05,09,"RA","APN","τὰ","τὰ","τά","ὁ"
60,05,09,"A","APN","αὐτὰ","αὐτὰ","αὐτά","αὐτός"
60,05,09,"RA","GPN","τῶν","τῶν","τῶν","ὁ"
60,05,09,"N","GPN","παθημάτων","παθημάτων","παθημάτων","πάθημα"
60,05,09,"RA","DSF","τῇ","τῇ","τῇ","ὁ"
60,05,09,"P",NULL,"ἐν","ἐν","ἐν","ἐν"
60,05,09,"RA","DSM","⸀τῷ","τῷ","τῷ","ὁ"
60,05,09,"N","DSM","κόσμῳ","κόσμῳ","κόσμῳ","κόσμος"
60,05,09,"RP","GP","ὑμῶν","ὑμῶν","ὑμῶν","σύ"
60,05,09,"N","DSF","ἀδελφότητι","ἀδελφότητι","ἀδελφότητι","ἀδελφότης"
60,05,09,"V","PPN","ἐπιτελεῖσθαι.","ἐπιτελεῖσθαι","ἐπιτελεῖσθαι","ἐπιτελέω"
60,05,10,"RA","NSM","ὁ","ὁ","ὁ","ὁ"
60,05,10,"C",NULL,"δὲ","δὲ","δέ","δέ"
60,05,10,"N","NSM","θεὸς","θεὸς","θεός","θεός"
60,05,10,"A","GSF","πάσης","πάσης","πάσης","πᾶς"
60,05,10,"N","GSF","χάριτος,","χάριτος","χάριτος","χάρις"
60,05,10,"RA","NSM","ὁ","ὁ","ὁ","ὁ"
60,05,10,"V","AAPNSM","καλέσας","καλέσας","καλέσας","καλέω"
60,05,10,"RP","AP","ὑμᾶς","ὑμᾶς","ὑμᾶς","σύ"
60,05,10,"P",NULL,"εἰς","εἰς","εἰς","εἰς"
60,05,10,"RA","ASF","τὴν","τὴν","τήν","ὁ"
60,05,10,"A","ASF","αἰώνιον","αἰώνιον","αἰώνιον","αἰώνιος"
60,05,10,"RP","GSM","αὐτοῦ","αὐτοῦ","αὐτοῦ","αὐτός"
60,05,10,"N","ASF","δόξαν","δόξαν","δόξαν","δόξα"
60,05,10,"P",NULL,"ἐν","ἐν","ἐν","ἐν"
60,05,10,"N","DSM","⸀Χριστῷ,","Χριστῷ","Χριστῷ","Χριστός"
60,05,10,"A","ASN","ὀλίγον","ὀλίγον","ὀλίγον","ὀλίγος"
60,05,10,"V","AAPAPM","παθόντας","παθόντας","παθόντας","πάσχω"
60,05,10,"RP","NSM","αὐτὸς","αὐτὸς","αὐτός","αὐτός"
60,05,10,"V","3FAI-S","⸀καταρτίσει,","καταρτίσει","καταρτίσει","καταρτίζω"
60,05,10,"V","3FAI-S","στηρίξει,","στηρίξει","στηρίξει","στηρίζω"
60,05,10,"V","3FAI-S","σθενώσει,","σθενώσει","σθενώσει","σθενόω"
60,05,10,"V","3FAI-S","⸀θεμελιώσει.","θεμελιώσει","θεμελιώσει","θεμελιόω"
60,05,11,"RP","DSM","⸀αὐτῷ","αὐτῷ","αὐτῷ","αὐτός"
60,05,11,"RA","NSN","τὸ","τὸ","τό","ὁ"
60,05,11,"N","NSN","κράτος","κράτος","κράτος","κράτος"
60,05,11,"P",NULL,"εἰς","εἰς","εἰς","εἰς"
60,05,11,"RA","APM","τοὺς","τοὺς","τούς","ὁ"
60,05,11,"N","APM","αἰῶνας","αἰῶνας","αἰῶνας","αἰών"
60,05,11,"RA","GPM","⸂τῶν","τῶν","τῶν","ὁ"
60,05,11,"N","GPM","αἰώνων⸃·","αἰώνων","αἰώνων","αἰών"
60,05,11,"X",NULL,"ἀμήν.","ἀμήν","ἀμήν","ἀμήν"
60,05,12,"P",NULL,"Διὰ","Διὰ","διά","διά"
60,05,12,"N","GSM","Σιλουανοῦ","Σιλουανοῦ","Σιλουανοῦ","Σιλουανός"
60,05,12,"RP","DP","ὑμῖν","ὑμῖν","ὑμῖν","σύ"
60,05,12,"RA","GSM","τοῦ","τοῦ","τοῦ","ὁ"
60,05,12,"A","GSM","πιστοῦ","πιστοῦ","πιστοῦ","πιστός"
60,05,12,"N","GSM","ἀδελφοῦ,","ἀδελφοῦ","ἀδελφοῦ","ἀδελφός"
60,05,12,"C",NULL,"ὡς","ὡς","ὡς","ὡς"
60,05,12,"V","1PMI-S","λογίζομαι,","λογίζομαι","λογίζομαι","λογίζομαι"
60,05,12,"P",NULL,"δι’","δι’","διά","διά"
60,05,12,"A","GPM","ὀλίγων","ὀλίγων","ὀλίγων","ὀλίγος"
60,05,12,"V","1AAI-S","ἔγραψα,","ἔγραψα","ἔγραψα","γράφω"
60,05,12,"V","PAPNSM","παρακαλῶν","παρακαλῶν","παρακαλῶν","παρακαλέω"
60,05,12,"C",NULL,"καὶ","καὶ","καί","καί"
60,05,12,"V","PAPNSM","ἐπιμαρτυρῶν","ἐπιμαρτυρῶν","ἐπιμαρτυρῶν","ἐπιμαρτυρέω"
60,05,12,"RD","ASF","ταύτην","ταύτην","ταύτην","οὗτος"
60,05,12,"V","PAN","εἶναι","εἶναι","εἶναι","εἰμί"
60,05,12,"A","ASF","ἀληθῆ","ἀληθῆ","ἀληθῆ","ἀληθής"
60,05,12,"N","ASF","χάριν","χάριν","χάριν","χάρις"
60,05,12,"RA","GSM","τοῦ","τοῦ","τοῦ","ὁ"
60,05,12,"N","GSM","θεοῦ·","θεοῦ","θεοῦ","θεός"
60,05,12,"P",NULL,"εἰς","εἰς","εἰς","εἰς"
60,05,12,"RR","ASF","ἣν","ἣν","ἥν","ὅς"
60,05,12,"V","2AAD-P","⸀στῆτε.","στῆτε","στῆτε","ἵστημι"
60,05,13,"V","3PMI-S","ἀσπάζεται","ἀσπάζεται","ἀσπάζεται","ἀσπάζομαι"
60,05,13,"RP","AP","ὑμᾶς","ὑμᾶς","ὑμᾶς","σύ"
60,05,13,"RA","NSF","ἡ","ἡ","ἡ","ὁ"
60,05,13,"P",NULL,"ἐν","ἐν","ἐν","ἐν"
60,05,13,"N","DSF","Βαβυλῶνι","Βαβυλῶνι","Βαβυλῶνι","Βαβυλών"
60,05,13,"A","NSF","συνεκλεκτὴ","συνεκλεκτὴ","συνεκλεκτή","συνεκλεκτός"
60,05,13,"C",NULL,"καὶ","καὶ","καί","καί"
60,05,13,"N","NSM","Μᾶρκος","Μᾶρκος","Μᾶρκος","Μᾶρκος"
60,05,13,"RA","NSM","ὁ","ὁ","ὁ","ὁ"
60,05,13,"N","NSM","υἱός","υἱός","υἱός","υἱός"
60,05,13,"RP","GS","μου.","μου","μου","ἐγώ"
60,05,14,"V","2AMD-P","ἀσπάσασθε","ἀσπάσασθε","ἀσπάσασθε","ἀσπάζομαι"
60,05,14,"RP","APM","ἀλλήλους","ἀλλήλους","ἀλλήλους","ἀλλήλων"
60,05,14,"P",NULL,"ἐν","ἐν","ἐν","ἐν"
60,05,14,"N","DSN","φιλήματι","φιλήματι","φιλήματι","φίλημα"
60,05,14,"N","GSF","ἀγάπης.","ἀγάπης","ἀγάπης","ἀγάπη"
60,05,14,"N","NSF","εἰρήνη","εἰρήνη","εἰρήνη","εἰρήνη"
60,05,14,"RP","DP","ὑμῖν","ὑμῖν","ὑμῖν","σύ"
60,05,14,"A","DPM","πᾶσιν","πᾶσιν","πᾶσι(ν)","πᾶς"
60,05,14,"RA","DPM","τοῖς","τοῖς","τοῖς","ὁ"
60,05,14,"P",NULL,"ἐν","ἐν","ἐν","ἐν"
60,05,14,"N","DSM","⸀Χριστῷ.","Χριστῷ","Χριστῷ","Χριστός"