"book","chapter","verse","part of speech","parsing code","text (including punctuation)","word (with punctuation stripped)","normalized word","lemma"
"61","01","01","N","NSM","⸀Συμεὼν","Συμεὼν","Συμεών","Συμεών"
"61","01","01","N","NSM","Πέτρος","Πέτρος","Πέτρος","Πέτρος"
"61","01","01","N","NSM","δοῦλος","δοῦλος","δοῦλος","δοῦλος"
"61","01","01","C","","καὶ","καὶ","καί","καί"
"61","01","01","N","NSM","ἀπόστολος","ἀπόστολος","ἀπόστολος","ἀπόστολος"
"61","01","01","N","GSM","Ἰησοῦ","Ἰησοῦ","Ἰησοῦ","Ἰησοῦς"
"61","01","01","N","GSM","Χριστοῦ","Χριστοῦ","Χριστοῦ","Χριστός"
"61","01","01","RA","DPM","τοῖς","τοῖς","τοῖς","ὁ"
"61","01","01","A","ASF","ἰσότιμον","ἰσότιμον","ἰσότιμον","ἰσότιμος"
"61","01","01","RP","DP","ἡμῖν","ἡμῖν","ἡμῖν","ἐγώ"
"61","01","01","V","AAPDPM","λαχοῦσιν","λαχοῦσιν","λαχοῦσι(ν)","λαγχάνω"
"61","01","01","N","ASF","πίστιν","πίστιν","πίστιν","πίστις"
"61","01","01","P","","ἐν","ἐν","ἐν","ἐν"
"61","01","01","N","DSF","δικαιοσύνῃ","δικαιοσύνῃ","δικαιοσύνῃ","δικαιοσύνη"
"61","01","01","RA","GSM","τοῦ","τοῦ","τοῦ","ὁ"
"61","01","01","N","GSM","θεοῦ","θεοῦ","θεοῦ","θεός"
"61","01","01","RP","GP","ἡμῶν","ἡμῶν","ἡμῶν","ἐγώ"
"61","01","01","C","","καὶ","καὶ","καί","καί"
"61","01","01","N","GSM","σωτῆρος","σωτῆρος","σωτῆρος","σωτήρ"
"61","01","01","N","GSM","Ἰησοῦ","Ἰησοῦ","Ἰησοῦ","Ἰησοῦς"
"61","01","01","N","GSM","Χριστοῦ·","Χριστοῦ","Χριστοῦ","Χριστός"
"61","01","02","N","NSF","χάρις","χάρις","χάρις","χάρις"
"61","01","02","RP","DP","ὑμῖν","ὑμῖν","ὑμῖν","σύ"
"61","01","02","C","","καὶ","καὶ","καί","καί"
"61","01","02","N","NSF","εἰρήνη","εἰρήνη","εἰρήνη","εἰρήνη"
"61","01","02","V","3APO-S","πληθυνθείη","πληθυνθείη","πληθυνθείη","πληθύνω"
"61","01","02","P","","ἐν","ἐν","ἐν","ἐν"
"61","01","02","N","DSF","ἐπιγνώσει","ἐπιγνώσει","ἐπιγνώσει","ἐπίγνωσις"
"61","01","02","RA","GSM","τοῦ","τοῦ","τοῦ","ὁ"
"61","01","02","N","GSM","θεοῦ","θεοῦ","θεοῦ","θεός"
"61","01","02","C","","καὶ","καὶ","καί","καί"
"61","01","02","N","GSM","Ἰησοῦ","Ἰησοῦ","Ἰησοῦ","Ἰησοῦς"
"61","01","02","RA","GSM","τοῦ","τοῦ","τοῦ","ὁ"
"61","01","02","N","GSM","κυρίου","κυρίου","κυρίου","κύριος"
"61","01","02","RP","GP","ἡμῶν.","ἡμῶν","ἡμῶν","ἐγώ"
"61","01","03","C","","Ὡς","Ὡς","ὡς","ὡς"
"61","01","03","A","APN","πάντα","πάντα","πάντα","πᾶς"
"61","01","03","RP","DP","ἡμῖν","ἡμῖν","ἡμῖν","ἐγώ"
"61","01","03","RA","GSF","τῆς","τῆς","τῆς","ὁ"
"61","01","03","A","GSF","θείας","θείας","θείας","θεῖος"
"61","01","03","N","GSF","δυνάμεως","δυνάμεως","δυνάμεως","δύναμις"
"61","01","03","RP","GSM","αὐτοῦ","αὐτοῦ","αὐτοῦ","αὐτός"
"61","01","03","RA","APN","τὰ","τὰ","τά","ὁ"
"61","01","03","P","","πρὸς","πρὸς","πρός","πρός"
"61","01","03","N","ASF","ζωὴν","ζωὴν","ζωήν","ζωή"
"61","01","03","C","","καὶ","καὶ","καί","καί"
"61","01","03","N","ASF","εὐσέβειαν","εὐσέβειαν","εὐσέβειαν","εὐσέβεια"
"61","01","03","V","XMPGSF","δεδωρημένης","δεδωρημένης","δεδωρημένης","δωρέομαι"
"61","01","03","P","","διὰ","διὰ","διά","διά"
"61","01","03","RA","GSF","τῆς","τῆς","τῆς","ὁ"
"61","01","03","N","GSF","ἐπιγνώσεως","ἐπιγνώσεως","ἐπιγνώσεως","ἐπίγνωσις"
"61","01","03","RA","GSM","τοῦ","τοῦ","τοῦ","ὁ"
"61","01","03","V","AAPGSM","καλέσαντος","καλέσαντος","καλέσαντος","καλέω"
"61","01","03","RP","AP","ἡμᾶς","ἡμᾶς","ἡμᾶς","ἐγώ"
"61","01","03","A","DSF","⸂ἰδίᾳ","ἰδίᾳ","ἰδίᾳ","ἴδιος"
"61","01","03","N","DSF","δόξῃ","δόξῃ","δόξῃ","δόξα"
"61","01","03","C","","καὶ","καὶ","καί","καί"
"61","01","03","N","DSF","ἀρετῇ⸃,","ἀρετῇ","ἀρετῇ","ἀρετή"
"61","01","04","P","","δι’","δι’","διά","διά"
"61","01","04","RR","GPN","ὧν","ὧν","ὧν","ὅς"
"61","01","04","RA","APN","τὰ","τὰ","τά","ὁ"
"61","01","04","A","APN","⸂τίμια","τίμια","τίμια","τίμιος"
"61","01","04","C","","καὶ","καὶ","καί","καί"
"61","01","04","A","APNS","μέγιστα","μέγιστα","μέγιστα","μέγιστος"
"61","01","04","RP","DP","ἡμῖν⸃","ἡμῖν","ἡμῖν","ἐγώ"
"61","01","04","N","APN","ἐπαγγέλματα","ἐπαγγέλματα","ἐπαγγέλματα","ἐπάγγελμα"
"61","01","04","V","3XMI-S","δεδώρηται,","δεδώρηται","δεδώρηται","δωρέομαι"
"61","01","04","C","","ἵνα","ἵνα","ἵνα","ἵνα"
"61","01","04","P","","διὰ","διὰ","διά","διά"
"61","01","04","RD","GPN","τούτων","τούτων","τούτων","οὗτος"
"61","01","04","V","2AMS-P","γένησθε","γένησθε","γένησθε","γίνομαι"
"61","01","04","A","GSF","θείας","θείας","θείας","θεῖος"
"61","01","04","N","NPM","κοινωνοὶ","κοινωνοὶ","κοινωνοί","κοινωνός"
"61","01","04","N","GSF","φύσεως,","φύσεως","φύσεως","φύσις"
"61","01","04","V","AAPNPM","ἀποφυγόντες","ἀποφυγόντες","ἀποφυγόντες","ἀποφεύγω"
"61","01","04","RA","GSF","τῆς","τῆς","τῆς","ὁ"
"61","01","04","P","","ἐν","ἐν","ἐν","ἐν"
"61","01","04","RA","DSM","⸀τῷ","τῷ","τῷ","ὁ"
"61","01","04","N","DSM","κόσμῳ","κόσμῳ","κόσμῳ","κόσμος"
"61","01","04","P","","ἐν","ἐν","ἐν","ἐν"
"61","01","04","N","DSF","ἐπιθυμίᾳ","ἐπιθυμίᾳ","ἐπιθυμίᾳ","ἐπιθυμία"
"61","01","04","N","GSF","φθορᾶς.","φθορᾶς","φθορᾶς","φθορά"
"61","01","05","D","","καὶ","καὶ","καί","καί"
"61","01","05","A","ASN","αὐτὸ","αὐτὸ","αὐτό","αὐτός"
"61","01","05","RD","ASN","τοῦτο","τοῦτο","τοῦτο","οὗτος"
"61","01","05","C","","δὲ","δὲ","δέ","δέ"
"61","01","05","N","ASF","σπουδὴν","σπουδὴν","σπουδήν","σπουδή"
"61","01","05","A","ASF","πᾶσαν","πᾶσαν","πᾶσαν","πᾶς"
"61","01","05","V","AAPNPM","παρεισενέγκαντες","παρεισενέγκαντες","παρεισενέγκαντες","παρεισφέρω"
"61","01","05","V","2AAD-P","ἐπιχορηγήσατε","ἐπιχορηγήσατε","ἐπιχορηγήσατε","ἐπιχορηγέω"
"61","01","05","P","","ἐν","ἐν","ἐν","ἐν"
"61","01","05","RA","DSF","τῇ","τῇ","τῇ","ὁ"
"61","01","05","N","DSF","πίστει","πίστει","πίστει","πίστις"
"61","01","05","RP","GP","ὑμῶν","ὑμῶν","ὑμῶν","σύ"
"61","01","05","RA","ASF","τὴν","τὴν","τήν","ὁ"
"61","01","05","N","ASF","ἀρετήν,","ἀρετήν","ἀρετήν","ἀρετή"
"61","01","05","P","","ἐν","ἐν","ἐν","ἐν"
"61","01","05","C","","δὲ","δὲ","δέ","δέ"
"61","01","05","RA","DSF","τῇ","τῇ","τῇ","ὁ"
"61","01","05","N","DSF","ἀρετῇ","ἀρετῇ","ἀρετῇ","ἀρετή"
"61","01","05","RA","ASF","τὴν","τὴν","τήν","ὁ"
"61","01","05","N","ASF","γνῶσιν,","γνῶσιν","γνῶσιν","γνῶσις"
"61","01","06","P","","ἐν","ἐν","ἐν","ἐν"
"61","01","06","C","","δὲ","δὲ","δέ","δέ"
"61","01","06","RA","DSF","τῇ","τῇ","τῇ","ὁ"
"61","01","06","N","DSF","γνώσει","γνώσει","γνώσει","γνῶσις"
"61","01","06","RA","ASF","τὴν","τὴν","τήν","ὁ"
"61","01","06","N","ASF","ἐγκράτειαν,","ἐγκράτειαν","ἐγκράτειαν","ἐγκράτεια"
"61","01","06","P","","ἐν","ἐν","ἐν","ἐν"
"61","01","06","C","","δὲ","δὲ","δέ","δέ"
"61","01","06","RA","DSF","τῇ","τῇ","τῇ","ὁ"
"61","01","06","N","DSF","ἐγκρατείᾳ","ἐγκρατείᾳ","ἐγκρατείᾳ","ἐγκράτεια"
"61","01","06","RA","ASF","τὴν","τὴν","τήν","ὁ"
"61","01","06","N","ASF","ὑπομονήν,","ὑπομονήν","ὑπομονήν","ὑπομονή"
"61","01","06","P","","ἐν","ἐν","ἐν","ἐν"
"61","01","06","C","","δὲ","δὲ","δέ","δέ"
"61","01","06","RA","DSF","τῇ","τῇ","τῇ","ὁ"
"61","01","06","N","DSF","ὑπομονῇ","ὑπομονῇ","ὑπομονῇ","ὑπομονή"
"61","01","06","RA","ASF","τὴν","τὴν","τήν","ὁ"
"61","01","06","N","ASF","εὐσέβειαν,","εὐσέβειαν","εὐσέβειαν","εὐσέβεια"
"61","01","07","P","","ἐν","ἐν","ἐν","ἐν"
"61","01","07","C","","δὲ","δὲ","δέ","δέ"
"61","01","07","RA","DSF","τῇ","τῇ","τῇ","ὁ"
"61","01","07","N","DSF","εὐσεβείᾳ","εὐσεβείᾳ","εὐσεβείᾳ","εὐσέβεια"
"61","01","07","RA","ASF","τὴν","τὴν","τήν","ὁ"
"61","01","07","N","ASF","φιλαδελφίαν,","φιλαδελφίαν","φιλαδελφίαν","φιλαδελφία"
"61","01","07","P","","ἐν","ἐν","ἐν","ἐν"
"61","01","07","C","","δὲ","δὲ","δέ","δέ"
"61","01","07","RA","DSF","τῇ","τῇ","τῇ","ὁ"
"61","01","07","N","DSF","φιλαδελφίᾳ","φιλαδελφίᾳ","φιλαδελφίᾳ","φιλαδελφία"
"61","01","07","RA","ASF","τὴν","τὴν","τήν","ὁ"
"61","01","07","N","ASF","ἀγάπην·","ἀγάπην","ἀγάπην","ἀγάπη"
"61","01","08","RD","NPN","ταῦτα","ταῦτα","ταῦτα","οὗτος"
"61","01","08","C","","γὰρ","γὰρ","γάρ","γάρ"
"61","01","08","RP","DP","ὑμῖν","ὑμῖν","ὑμῖν","σύ"
"61","01","08","V","PAPNPN","ὑπάρχοντα","ὑπάρχοντα","ὑπάρχοντα","ὑπάρχω"
"61","01","08","C","","καὶ","καὶ","καί","καί"
"61","01","08","V","PAPNPN","πλεονάζοντα","πλεονάζοντα","πλεονάζοντα","πλεονάζω"
"61","01","08","D","","οὐκ","οὐκ","οὐ","οὐ"
"61","01","08","A","APM","ἀργοὺς","ἀργοὺς","ἀργούς","ἀργός"
"61","01","08","C","","οὐδὲ","οὐδὲ","οὐδέ","οὐδέ"
"61","01","08","A","APM","ἀκάρπους","ἀκάρπους","ἀκάρπους","ἄκαρπος"
"61","01","08","V","3PAI-S","καθίστησιν","καθίστησιν","καθίστησι(ν)","καθίστημι"
"61","01","08","P","","εἰς","εἰς","εἰς","εἰς"
"61","01","08","RA","ASF","τὴν","τὴν","τήν","ὁ"
"61","01","08","RA","GSM","τοῦ","τοῦ","τοῦ","ὁ"
"61","01","08","N","GSM","κυρίου","κυρίου","κυρίου","κύριος"
"61","01","08","RP","GP","ἡμῶν","ἡμῶν","ἡμῶν","ἐγώ"
"61","01","08","N","GSM","Ἰησοῦ","Ἰησοῦ","Ἰησοῦ","Ἰησοῦς"
"61","01","08","N","GSM","Χριστοῦ","Χριστοῦ","Χριστοῦ","Χριστός"
"61","01","08","N","ASF","ἐπίγνωσιν·","ἐπίγνωσιν","ἐπίγνωσιν","ἐπίγνωσις"
"61","01","09","RR","DSM","ᾧ","ᾧ","ᾧ","ὅς"
"61","01","09","C","","γὰρ","γὰρ","γάρ","γάρ"
"61","01","09","D","","μὴ","μὴ","μή","μή"
"61","01","09","V","3PAI-S","πάρεστιν","πάρεστιν","πάρεστι(ν)","πάρειμι"
"61","01","09","RD","NPN","ταῦτα,","ταῦτα","ταῦτα","οὗτος"
"61","01","09","A","NSM","τυφλός","τυφλός","τυφλός","τυφλός"
"61","01","09","V","3PAI-S","ἐστιν","ἐστιν","ἐστί(ν)","εἰμί"
"61","01","09","V","PAPNSM","μυωπάζων,","μυωπάζων","μυωπάζων","μυωπάζω"
"61","01","09","N","ASF","λήθην","λήθην","λήθην","λήθη"
"61","01","09","V","AAPNSM","λαβὼν","λαβὼν","λαβών","λαμβάνω"
"61","01","09","RA","GSM","τοῦ","τοῦ","τοῦ","ὁ"
"61","01","09","N","GSM","καθαρισμοῦ","καθαρισμοῦ","καθαρισμοῦ","καθαρισμός"
"61","01","09","RA","GPF","τῶν","τῶν","τῶν","ὁ"
"61","01","09","D","","πάλαι","πάλαι","πάλαι","πάλαι"
"61","01","09","RP","GSM","αὐτοῦ","αὐτοῦ","αὐτοῦ","αὐτός"
"61","01","09","N","GPN","⸀ἁμαρτημάτων.","ἁμαρτημάτων","ἁμαρτημάτων","ἁμάρτημα"
"61","01","10","C","","διὸ","διὸ","διό","διό"
"61","01","10","D","","μᾶλλον,","μᾶλλον","μᾶλλον","μᾶλλον"
"61","01","10","N","VPM","ἀδελφοί,","ἀδελφοί","ἀδελφοί","ἀδελφός"
"61","01","10","V","2AAD-P","σπουδάσατε","σπουδάσατε","σπουδάσατε","σπουδάζω"
"61","01","10","A","ASF","βεβαίαν","βεβαίαν","βεβαίαν","βέβαιος"
"61","01","10","RP","GP","ὑμῶν","ὑμῶν","ὑμῶν","σύ"
"61","01","10","RA","ASF","τὴν","τὴν","τήν","ὁ"
"61","01","10","N","ASF","κλῆσιν","κλῆσιν","κλῆσιν","κλῆσις"
"61","01","10","C","","καὶ","καὶ","καί","καί"
"61","01","10","N","ASF","ἐκλογὴν","ἐκλογὴν","ἐκλογήν","ἐκλογή"
"61","01","10","V","PMN","ποιεῖσθαι·","ποιεῖσθαι","ποιεῖσθαι","ποιέω"
"61","01","10","RD","APN","ταῦτα","ταῦτα","ταῦτα","οὗτος"
"61","01","10","C","","γὰρ","γὰρ","γάρ","γάρ"
"61","01","10","V","PAPNPM","ποιοῦντες","ποιοῦντες","ποιοῦντες","ποιέω"
"61","01","10","D","","οὐ","οὐ","οὐ","οὐ"
"61","01","10","D","","μὴ","μὴ","μή","μή"
"61","01","10","V","2AAS-P","πταίσητέ","πταίσητέ","πταίσητε","πταίω"
"61","01","10","D","","ποτε·","ποτε","ποτέ","ποτέ"
"61","01","11","D","","οὕτως","οὕτως","οὕτω(ς)","οὕτω(ς)"
"61","01","11","C","","γὰρ","γὰρ","γάρ","γάρ"
"61","01","11","D","","πλουσίως","πλουσίως","πλουσίως","πλουσίως"
"61","01","11","V","3FPI-S","ἐπιχορηγηθήσεται","ἐπιχορηγηθήσεται","ἐπιχορηγηθήσεται","ἐπιχορηγέω"
"61","01","11","RP","DP","ὑμῖν","ὑμῖν","ὑμῖν","σύ"
"61","01","11","RA","NSF","ἡ","ἡ","ἡ","ὁ"
"61","01","11","N","NSF","εἴσοδος","εἴσοδος","εἴσοδος","εἴσοδος"
"61","01","11","P","","εἰς","εἰς","εἰς","εἰς"
"61","01","11","RA","ASF","τὴν","τὴν","τήν","ὁ"
"61","01","11","A","ASF","αἰώνιον","αἰώνιον","αἰώνιον","αἰώνιος"
"61","01","11","N","ASF","βασιλείαν","βασιλείαν","βασιλείαν","βασιλεία"
"61","01","11","RA","GSM","τοῦ","τοῦ","τοῦ","ὁ"
"61","01","11","N","GSM","κυρίου","κυρίου","κυρίου","κύριος"
"61","01","11","RP","GP","ἡμῶν","ἡμῶν","ἡμῶν","ἐγώ"
"61","01","11","C","","καὶ","καὶ","καί","καί"
"61","01","11","N","GSM","σωτῆρος","σωτῆρος","σωτῆρος","σωτήρ"
"61","01","11","N","GSM","Ἰησοῦ","Ἰησοῦ","Ἰησοῦ","Ἰησοῦς"
"61","01","11","N","GSM","Χριστοῦ.","Χριστοῦ","Χριστοῦ","Χριστός"
"61","01","12","C","","Διὸ","Διὸ","διό","διό"
"61","01","12","V","1FAI-S","⸀μελλήσω","μελλήσω","μελλήσω","μέλλω"
"61","01","12","D","","ἀεὶ","ἀεὶ","ἀεί","ἀεί"
"61","01","12","RP","AP","ὑμᾶς","ὑμᾶς","ὑμᾶς","σύ"
"61","01","12","V","PAN","ὑπομιμνῄσκειν","ὑπομιμνῄσκειν","ὑπομιμνῄσκειν","ὑπομιμνῄσκω"
"61","01","12","P","","περὶ","περὶ","περί","περί"
"61","01","12","RD","GPN","τούτων,","τούτων","τούτων","οὗτος"
"61","01","12","C","","καίπερ","καίπερ","καίπερ","καίπερ"
"61","01","12","V","XAPAPM","εἰδότας","εἰδότας","εἰδότας","ὁράω"
"61","01","12","C","","καὶ","καὶ","καί","καί"
"61","01","12","V","XPPAPM","ἐστηριγμένους","ἐστηριγμένους","ἐστηριγμένους","στηρίζω"
"61","01","12","P","","ἐν","ἐν","ἐν","ἐν"
"61","01","12","RA","DSF","τῇ","τῇ","τῇ","ὁ"
"61","01","12","V","PAPDSF","παρούσῃ","παρούσῃ","παρούσῃ","πάρειμι"
"61","01","12","N","DSF","ἀληθείᾳ.","ἀληθείᾳ","ἀληθείᾳ","ἀλήθεια"
"61","01","13","A","ASN","δίκαιον","δίκαιον","δίκαιον","δίκαιος"
"61","01","13","C","","δὲ","δὲ","δέ","δέ"
"61","01","13","V","1PMI-S","ἡγοῦμαι,","ἡγοῦμαι","ἡγοῦμαι","ἡγέομαι"
"61","01","13","P","","ἐφ’","ἐφ’","ἐπί","ἐπί"
"61","01","13","RR","ASM","ὅσον","ὅσον","ὅσον","ὅσος"
"61","01","13","V","1PAI-S","εἰμὶ","εἰμὶ","εἰμί","εἰμί"
"61","01","13","P","","ἐν","ἐν","ἐν","ἐν"
"61","01","13","RD","DSN","τούτῳ","τούτῳ","τούτῳ","οὗτος"
"61","01","13","RA","DSN","τῷ","τῷ","τῷ","ὁ"
"61","01","13","N","DSN","σκηνώματι,","σκηνώματι","σκηνώματι","σκήνωμα"
"61","01","13","V","PAN","διεγείρειν","διεγείρειν","διεγείρειν","διεγείρω"
"61","01","13","RP","AP","ὑμᾶς","ὑμᾶς","ὑμᾶς","σύ"
"61","01","13","P","","ἐν","ἐν","ἐν","ἐν"
"61","01","13","N","DSF","ὑπομνήσει,","ὑπομνήσει","ὑπομνήσει","ὑπόμνησις"
"61","01","14","V","XAPNSM","εἰδὼς","εἰδὼς","εἰδώς","ὁράω"
"61","01","14","C","","ὅτι","ὅτι","ὅτι","ὅτι"
"61","01","14","A","NSF","ταχινή","ταχινή","ταχινή","ταχινός"
"61","01","14","V","3PAI-S","ἐστιν","ἐστιν","ἐστί(ν)","εἰμί"
"61","01","14","RA","NSF","ἡ","ἡ","ἡ","ὁ"
"61","01","14","N","NSF","ἀπόθεσις","ἀπόθεσις","ἀπόθεσις","ἀπόθεσις"
"61","01","14","RA","GSN","τοῦ","τοῦ","τοῦ","ὁ"
"61","01","14","N","GSN","σκηνώματός","σκηνώματός","σκηνώματος","σκήνωμα"
"61","01","14","RP","GS","μου,","μου","μου","ἐγώ"
"61","01","14","C","","καθὼς","καθὼς","καθώς","καθώς"
"61","01","14","D","","καὶ","καὶ","καί","καί"
"61","01","14","RA","NSM","ὁ","ὁ","ὁ","ὁ"
"61","01","14","N","NSM","κύριος","κύριος","κύριος","κύριος"
"61","01","14","RP","GP","ἡμῶν","ἡμῶν","ἡμῶν","ἐγώ"
"61","01","14","N","NSM","Ἰησοῦς","Ἰησοῦς","Ἰησοῦς","Ἰησοῦς"
"61","01","14","N","NSM","Χριστὸς","Χριστὸς","Χριστός","Χριστός"
"61","01","14","V","3AAI-S","ἐδήλωσέν","ἐδήλωσέν","ἐδήλωσε(ν)","δηλόω"
"61","01","14","RP","DS","μοι·","μοι","μοι","ἐγώ"
"61","01","15","V","1FAI-S","σπουδάσω","σπουδάσω","σπουδάσω","σπουδάζω"
"61","01","15","C","","δὲ","δὲ","δέ","δέ"
"61","01","15","D","","καὶ","καὶ","καί","καί"
"61","01","15","D","","ἑκάστοτε","ἑκάστοτε","ἑκάστοτε","ἑκάστοτε"
"61","01","15","V","PAN","ἔχειν","ἔχειν","ἔχειν","ἔχω"
"61","01","15","RP","AP","ὑμᾶς","ὑμᾶς","ὑμᾶς","σύ"
"61","01","15","P","","μετὰ","μετὰ","μετά","μετά"
"61","01","15","RA","ASF","τὴν","τὴν","τήν","ὁ"
"61","01","15","A","ASF","ἐμὴν","ἐμὴν","ἐμήν","ἐμός"
"61","01","15","N","ASF","ἔξοδον","ἔξοδον","ἔξοδον","ἔξοδος"
"61","01","15","RA","ASF","τὴν","τὴν","τήν","ὁ"
"61","01","15","RD","GPN","τούτων","τούτων","τούτων","οὗτος"
"61","01","15","N","ASF","μνήμην","μνήμην","μνήμην","μνήμη"
"61","01","15","V","PMN","ποιεῖσθαι.","ποιεῖσθαι","ποιεῖσθαι","ποιέω"
"61","01","16","D","","Οὐ","Οὐ","οὐ","οὐ"
"61","01","16","C","","γὰρ","γὰρ","γάρ","γάρ"
"61","01","16","V","XPPDPM","σεσοφισμένοις","σεσοφισμένοις","σεσοφισμένοις","σοφίζω"
"61","01","16","N","DPM","μύθοις","μύθοις","μύθοις","μῦθος"
"61","01","16","V","AAPNPM","ἐξακολουθήσαντες","ἐξακολουθήσαντες","ἐξακολουθήσαντες","ἐξακολουθέω"
"61","01","16","V","1AAI-P","ἐγνωρίσαμεν","ἐγνωρίσαμεν","ἐγνωρίσαμεν","γνωρίζω"
"61","01","16","RP","DP","ὑμῖν","ὑμῖν","ὑμῖν","σύ"
"61","01","16","RA","ASF","τὴν","τὴν","τήν","ὁ"
"61","01","16","RA","GSM","τοῦ","τοῦ","τοῦ","ὁ"
"61","01","16","N","GSM","κυρίου","κυρίου","κυρίου","κύριος"
"61","01","16","RP","GP","ἡμῶν","ἡμῶν","ἡμῶν","ἐγώ"
"61","01","16","N","GSM","Ἰησοῦ","Ἰησοῦ","Ἰησοῦ","Ἰησοῦς"
"61","01","16","N","GSM","Χριστοῦ","Χριστοῦ","Χριστοῦ","Χριστός"
"61","01","16","N","ASF","δύναμιν","δύναμιν","δύναμιν","δύναμις"
"61","01","16","C","","καὶ","καὶ","καί","καί"
"61","01","16","N","ASF","παρουσίαν,","παρουσίαν","παρουσίαν","παρουσία"
"61","01","16","C","","ἀλλ’","ἀλλ’","ἀλλά","ἀλλά"
"61","01","16","N","NPM","ἐπόπται","ἐπόπται","ἐπόπται","ἐπόπτης"
"61","01","16","V","APPNPM","γενηθέντες","γενηθέντες","γενηθέντες","γίνομαι"
"61","01","16","RA","GSF","τῆς","τῆς","τῆς","ὁ"
"61","01","16","RD","GSM","ἐκείνου","ἐκείνου","ἐκείνου","ἐκεῖνος"
"61","01","16","N","GSF","μεγαλειότητος.","μεγαλειότητος","μεγαλειότητος","μεγαλειότης"
"61","01","17","V","AAPNSM","λαβὼν","λαβὼν","λαβών","λαμβάνω"
"61","01","17","C","","γὰρ","γὰρ","γάρ","γάρ"
"61","01","17","P","","παρὰ","παρὰ","παρά","παρά"
"61","01","17","N","GSM","θεοῦ","θεοῦ","θεοῦ","θεός"
"61","01","17","N","GSM","πατρὸς","πατρὸς","πατρός","πατήρ"
"61","01","17","N","ASF","τιμὴν","τιμὴν","τιμήν","τιμή"
"61","01","17","C","","καὶ","καὶ","καί","καί"
"61","01","17","N","ASF","δόξαν","δόξαν","δόξαν","δόξα"
"61","01","17","N","GSF","φωνῆς","φωνῆς","φωνῆς","φωνή"
"61","01","17","V","APPGSF","ἐνεχθείσης","ἐνεχθείσης","ἐνεχθείσης","φέρω"
"61","01","17","RP","DSM","αὐτῷ","αὐτῷ","αὐτῷ","αὐτός"
"61","01","17","RD","GSF","τοιᾶσδε","τοιᾶσδε","τοιᾶσδε","τοιόσδε"
"61","01","17","P","","ὑπὸ","ὑπὸ","ὑπό","ὑπό"
"61","01","17","RA","GSF","τῆς","τῆς","τῆς","ὁ"
"61","01","17","A","GSF","μεγαλοπρεποῦς","μεγαλοπρεποῦς","μεγαλοπρεποῦς","μεγαλοπρεπής"
"61","01","17","N","GSF","δόξης·","δόξης","δόξης","δόξα"
"61","01","17","RA","NSM","⸂Ὁ","Ὁ","ὁ","ὁ"
"61","01","17","N","NSM","υἱός","υἱός","υἱός","υἱός"
"61","01","17","RP","GS","μου","μου","μου","ἐγώ"
"61","01","17","RA","NSM","ὁ","ὁ","ὁ","ὁ"
"61","01","17","A","NSM","ἀγαπητός","ἀγαπητός","ἀγαπητός","ἀγαπητός"
"61","01","17","RP","GS","μου","μου","μου","ἐγώ"
"61","01","17","RD","NSM","οὗτός","οὗτός","οὗτος","οὗτος"
"61","01","17","V","3PAI-S","ἐστιν⸃,","ἐστιν","ἐστί(ν)","εἰμί"
"61","01","17","P","","εἰς","εἰς","εἰς","εἰς"
"61","01","17","RR","ASM","ὃν","ὃν","ὅν","ὅς"
"61","01","17","RP","NS","ἐγὼ","ἐγὼ","ἐγώ","ἐγώ"
"61","01","17","V","1AAI-S","εὐδόκησα—","εὐδόκησα","εὐδόκησα","εὐδοκέω"
"61","01","18","C","","καὶ","καὶ","καί","καί"
"61","01","18","RD","ASF","ταύτην","ταύτην","ταύτην","οὗτος"
"61","01","18","RA","ASF","τὴν","τὴν","τήν","ὁ"
"61","01","18","N","ASF","φωνὴν","φωνὴν","φωνήν","φωνή"
"61","01","18","RP","NP","ἡμεῖς","ἡμεῖς","ἡμεῖς","ἐγώ"
"61","01","18","V","1AAI-P","ἠκούσαμεν","ἠκούσαμεν","ἠκούσαμεν","ἀκούω"
"61","01","18","P","","ἐξ","ἐξ","ἐκ","ἐκ"
"61","01","18","N","GSM","οὐρανοῦ","οὐρανοῦ","οὐρανοῦ","οὐρανός"
"61","01","18","V","APPASF","ἐνεχθεῖσαν","ἐνεχθεῖσαν","ἐνεχθεῖσαν","φέρω"
"61","01","18","P","","σὺν","σὺν","σύν","σύν"
"61","01","18","RP","DSM","αὐτῷ","αὐτῷ","αὐτῷ","αὐτός"
"61","01","18","V","PAPNPM","ὄντες","ὄντες","ὄντες","εἰμί"
"61","01","18","P","","ἐν","ἐν","ἐν","ἐν"
"61","01","18","RA","DSN","τῷ","τῷ","τῷ","ὁ"
"61","01","18","A","DSN","⸂ἁγίῳ","ἁγίῳ","ἁγίῳ","ἅγιος"
"61","01","18","N","DSN","ὄρει⸃.","ὄρει","ὄρει","ὄρος"
"61","01","19","C","","καὶ","καὶ","καί","καί"
"61","01","19","V","1PAI-P","ἔχομεν","ἔχομεν","ἔχομεν","ἔχω"
"61","01","19","A","ASMC","βεβαιότερον","βεβαιότερον","βεβαιότερον","βέβαιος"
"61","01","19","RA","ASM","τὸν","τὸν","τόν","ὁ"
"61","01","19","A","ASM","προφητικὸν","προφητικὸν","προφητικόν","προφητικός"
"61","01","19","N","ASM","λόγον,","λόγον","λόγον","λόγος"
"61","01","19","RR","DSM","ᾧ","ᾧ","ᾧ","ὅς"
"61","01","19","D","","καλῶς","καλῶς","καλῶς","καλῶς"
"61","01","19","V","2PAI-P","ποιεῖτε","ποιεῖτε","ποιεῖτε","ποιέω"
"61","01","19","V","PAPNPM","προσέχοντες","προσέχοντες","προσέχοντες","προσέχω"
"61","01","19","C","","ὡς","ὡς","ὡς","ὡς"
"61","01","19","N","DSM","λύχνῳ","λύχνῳ","λύχνῳ","λύχνος"
"61","01","19","V","PAPDSM","φαίνοντι","φαίνοντι","φαίνοντι","φαίνω"
"61","01","19","P","","ἐν","ἐν","ἐν","ἐν"
"61","01","19","A","DSM","αὐχμηρῷ","αὐχμηρῷ","αὐχμηρῷ","αὐχμηρός"
"61","01","19","N","DSM","τόπῳ,","τόπῳ","τόπῳ","τόπος"
"61","01","19","P","","ἕως","ἕως","ἕως","ἕως"
"61","01","19","RR","GSM","οὗ","οὗ","οὗ","ὅς"
"61","01","19","N","NSF","ἡμέρα","ἡμέρα","ἡμέρα","ἡμέρα"
"61","01","19","V","3AAS-S","διαυγάσῃ","διαυγάσῃ","διαυγάσῃ","διαυγάζω"
"61","01","19","C","","καὶ","καὶ","καί","καί"
"61","01","19","A","NSM","φωσφόρος","φωσφόρος","φωσφόρος","φωσφόρος"
"61","01","19","V","3AAS-S","ἀνατείλῃ","ἀνατείλῃ","ἀνατείλῃ","ἀνατέλλω"
"61","01","19","P","","ἐν","ἐν","ἐν","ἐν"
"61","01","19","RA","DPF","ταῖς","ταῖς","ταῖς","ὁ"
"61","01","19","N","DPF","καρδίαις","καρδίαις","καρδίαις","καρδία"
"61","01","19","RP","GP","ὑμῶν·","ὑμῶν","ὑμῶν","σύ"
"61","01","20","RD","ASN","τοῦτο","τοῦτο","τοῦτο","οὗτος"
"61","01","20","A","ASN","πρῶτον","πρῶτον","πρῶτον","πρῶτος"
"61","01","20","V","PAPNPM","γινώσκοντες","γινώσκοντες","γινώσκοντες","γινώσκω"
"61","01","20","D","","ὅτι","ὅτι","ὅτι","ὅτι"
"61","01","20","A","NSF","πᾶσα","πᾶσα","πᾶσα","πᾶς"
"61","01","20","N","NSF","προφητεία","προφητεία","προφητεία","προφητεία"
"61","01","20","N","GSF","γραφῆς","γραφῆς","γραφῆς","γραφή"
"61","01","20","A","GSF","ἰδίας","ἰδίας","ἰδίας","ἴδιος"
"61","01","20","N","GSF","ἐπιλύσεως","ἐπιλύσεως","ἐπιλύσεως","ἐπίλυσις"
"61","01","20","D","","οὐ","οὐ","οὐ","οὐ"
"61","01","20","V","3PMI-S","γίνεται,","γίνεται","γίνεται","γίνομαι"
"61","01","21","D","","οὐ","οὐ","οὐ","οὐ"
"61","01","21","C","","γὰρ","γὰρ","γάρ","γάρ"
"61","01","21","N","DSN","θελήματι","θελήματι","θελήματι","θέλημα"
"61","01","21","N","GSM","ἀνθρώπου","ἀνθρώπου","ἀνθρώπου","ἄνθρωπος"
"61","01","21","V","3API-S","ἠνέχθη","ἠνέχθη","ἠνέχθη","φέρω"
"61","01","21","N","NSF","⸂προφητεία","προφητεία","προφητεία","προφητεία"
"61","01","21","D","","ποτέ⸃,","ποτέ","ποτέ","ποτέ"
"61","01","21","C","","ἀλλὰ","ἀλλὰ","ἀλλά","ἀλλά"
"61","01","21","P","","ὑπὸ","ὑπὸ","ὑπό","ὑπό"
"61","01","21","N","GSN","πνεύματος","πνεύματος","πνεύματος","πνεῦμα"
"61","01","21","A","GSN","ἁγίου","ἁγίου","ἁγίου","ἅγιος"
"61","01","21","V","PPPNPM","φερόμενοι","φερόμενοι","φερόμενοι","φέρω"
"61","01","21","V","3AAI-P","ἐλάλησαν","ἐλάλησαν","ἐλάλησαν","λαλέω"
"61","01","21","P","","⸀ἀπὸ","ἀπὸ","ἀπό","ἀπό"
"61","01","21","N","GSM","θεοῦ","θεοῦ","θεοῦ","θεός"
"61","01","21","N","NPM","ἄνθρωποι.","ἄνθρωποι","ἄνθρωποι","ἄνθρωπος"
"61","02","01","V","3AMI-P","Ἐγένοντο","Ἐγένοντο","ἐγένοντο","γίνομαι"
"61","02","01","C","","δὲ","δὲ","δέ","δέ"
"61","02","01","D","","καὶ","καὶ","καί","καί"
"61","02","01","N","NPM","ψευδοπροφῆται","ψευδοπροφῆται","ψευδοπροφῆται","ψευδοπροφήτης"
"61","02","01","P","","ἐν","ἐν","ἐν","ἐν"
"61","02","01","RA","DSM","τῷ","τῷ","τῷ","ὁ"
"61","02","01","N","DSM","λαῷ,","λαῷ","λαῷ","λαός"
"61","02","01","C","","ὡς","ὡς","ὡς","ὡς"
"61","02","01","D","","καὶ","καὶ","καί","καί"
"61","02","01","P","","ἐν","ἐν","ἐν","ἐν"
"61","02","01","RP","DP","ὑμῖν","ὑμῖν","ὑμῖν","σύ"
"61","02","01","V","3FMI-P","ἔσονται","ἔσονται","ἔσονται","εἰμί"
"61","02","01","N","NPM","ψευδοδιδάσκαλοι,","ψευδοδιδάσκαλοι","ψευδοδιδάσκαλοι","ψευδοδιδάσκαλος"
"61","02","01","RR","NPM","οἵτινες","οἵτινες","οἵτινες","ὅστις"
"61","02","01","V","3FAI-P","παρεισάξουσιν","παρεισάξουσιν","παρεισάξουσι(ν)","παρεισάγω"
"61","02","01","N","APF","αἱρέσεις","αἱρέσεις","αἱρέσεις","αἵρεσις"
"61","02","01","N","GSF","ἀπωλείας,","ἀπωλείας","ἀπωλείας","ἀπώλεια"
"61","02","01","D","","καὶ","καὶ","καί","καί"
"61","02","01","RA","ASM","τὸν","τὸν","τόν","ὁ"
"61","02","01","V","AAPASM","ἀγοράσαντα","ἀγοράσαντα","ἀγοράσαντα","ἀγοράζω"
"61","02","01","RP","APM","αὐτοὺς","αὐτοὺς","αὐτούς","αὐτός"
"61","02","01","N","ASM","δεσπότην","δεσπότην","δεσπότην","δεσπότης"
"61","02","01","V","PMPNPM","ἀρνούμενοι,","ἀρνούμενοι","ἀρνούμενοι","ἀρνέομαι"
"61","02","01","V","PAPNPM","ἐπάγοντες","ἐπάγοντες","ἐπάγοντες","ἐπάγω"
"61","02","01","RP","DPM","ἑαυτοῖς","ἑαυτοῖς","ἑαυτοῖς","ἑαυτοῦ"
"61","02","01","A","ASF","ταχινὴν","ταχινὴν","ταχινήν","ταχινός"
"61","02","01","N","ASF","ἀπώλειαν·","ἀπώλειαν","ἀπώλειαν","ἀπώλεια"
"61","02","02","C","","καὶ","καὶ","καί","καί"
"61","02","02","A","NPM","πολλοὶ","πολλοὶ","πολλοί","πολύς"
"61","02","02","V","3FAI-P","ἐξακολουθήσουσιν","ἐξακολουθήσουσιν","ἐξακολουθήσουσι(ν)","ἐξακολουθέω"
"61","02","02","RP","GPM","αὐτῶν","αὐτῶν","αὐτῶν","αὐτός"
"61","02","02","RA","DPF","ταῖς","ταῖς","ταῖς","ὁ"
"61","02","02","N","DPF","ἀσελγείαις,","ἀσελγείαις","ἀσελγείαις","ἀσέλγεια"
"61","02","02","P","","δι’","δι’","διά","διά"
"61","02","02","RR","APM","οὓς","οὓς","οὕς","ὅς"
"61","02","02","RA","NSF","ἡ","ἡ","ἡ","ὁ"
"61","02","02","N","NSF","ὁδὸς","ὁδὸς","ὁδός","ὁδός"
"61","02","02","RA","GSF","τῆς","τῆς","τῆς","ὁ"
"61","02","02","N","GSF","ἀληθείας","ἀληθείας","ἀληθείας","ἀλήθεια"
"61","02","02","V","3FPI-S","βλασφημηθήσεται·","βλασφημηθήσεται","βλασφημηθήσεται","βλασφημέω"
"61","02","03","C","","καὶ","καὶ","καί","καί"
"61","02","03","P","","ἐν","ἐν","ἐν","ἐν"
"61","02","03","N","DSF","πλεονεξίᾳ","πλεονεξίᾳ","πλεονεξίᾳ","πλεονεξία"
"61","02","03","A","DPM","πλαστοῖς","πλαστοῖς","πλαστοῖς","πλαστός"
"61","02","03","N","DPM","λόγοις","λόγοις","λόγοις","λόγος"
"61","02","03","RP","AP","ὑμᾶς","ὑμᾶς","ὑμᾶς","σύ"
"61","02","03","V","3FMI-P","ἐμπορεύσονται·","ἐμπορεύσονται","ἐμπορεύσονται","ἐμπορεύομαι"
"61","02","03","RR","DPM","οἷς","οἷς","οἷς","ὅς"
"61","02","03","RA","NSN","τὸ","τὸ","τό","ὁ"
"61","02","03","N","NSN","κρίμα","κρίμα","κρίμα","κρίμα"
"61","02","03","D","","ἔκπαλαι","ἔκπαλαι","ἔκπαλαι","ἔκπαλαι"
"61","02","03","D","","οὐκ","οὐκ","οὐ","οὐ"
"61","02","03","V","3PAI-S","ἀργεῖ,","ἀργεῖ","ἀργεῖ","ἀργέω"
"61","02","03","C","","καὶ","καὶ","καί","καί"
"61","02","03","RA","NSF","ἡ","ἡ","ἡ","ὁ"
"61","02","03","N","NSF","ἀπώλεια","ἀπώλεια","ἀπώλεια","ἀπώλεια"
"61","02","03","RP","GPM","αὐτῶν","αὐτῶν","αὐτῶν","αὐτός"
"61","02","03","D","","οὐ","οὐ","οὐ","οὐ"
"61","02","03","V","3PAI-S","⸀νυστάζει.","νυστάζει","νυστάζει","νυστάζω"
"61","02","04","C","","Εἰ","Εἰ","εἰ","εἰ"
"61","02","04","C","","γὰρ","γὰρ","γάρ","γάρ"
"61","02","04","RA","NSM","ὁ","ὁ","ὁ","ὁ"
"61","02","04","N","NSM","θεὸς","θεὸς","θεός","θεός"
"61","02","04","N","GPM","ἀγγέλων","ἀγγέλων","ἀγγέλων","ἄγγελος"
"61","02","04","V","AAPGPM","ἁμαρτησάντων","ἁμαρτησάντων","ἁμαρτησάντων","ἁμαρτάνω"
"61","02","04","D","","οὐκ","οὐκ","οὐ","οὐ"
"61","02","04","V","3AMI-S","ἐφείσατο,","ἐφείσατο","ἐφείσατο","φείδομαι"
"61","02","04","C","","ἀλλὰ","ἀλλὰ","ἀλλά","ἀλλά"
"61","02","04","N","DPF","⸀σειραῖς","σειραῖς","σειραῖς","σειρά"
"61","02","04","N","GSM","ζόφου","ζόφου","ζόφου","ζόφος"
"61","02","04","V","AAPNSM","ταρταρώσας","ταρταρώσας","ταρταρώσας","ταρταρόω"
"61","02","04","V","3AAI-S","παρέδωκεν","παρέδωκεν","παρέδωκε(ν)","παραδίδωμι"
"61","02","04","P","","εἰς","εἰς","εἰς","εἰς"
"61","02","04","N","ASF","κρίσιν","κρίσιν","κρίσιν","κρίσις"
"61","02","04","V","PPPAPM","τηρουμένους,","τηρουμένους","τηρουμένους","τηρέω"
"61","02","05","C","","καὶ","καὶ","καί","καί"
"61","02","05","A","GSM","ἀρχαίου","ἀρχαίου","ἀρχαίου","ἀρχαῖος"
"61","02","05","N","GSM","κόσμου","κόσμου","κόσμου","κόσμος"
"61","02","05","D","","οὐκ","οὐκ","οὐ","οὐ"
"61","02","05","V","3AMI-S","ἐφείσατο,","ἐφείσατο","ἐφείσατο","φείδομαι"
"61","02","05","C","","ἀλλὰ","ἀλλὰ","ἀλλά","ἀλλά"
"61","02","05","A","ASM","ὄγδοον","ὄγδοον","ὄγδοον","ὄγδοος"
"61","02","05","N","ASM","Νῶε","Νῶε","Νῶε","Νῶε"
"61","02","05","N","GSF","δικαιοσύνης","δικαιοσύνης","δικαιοσύνης","δικαιοσύνη"
"61","02","05","N","ASM","κήρυκα","κήρυκα","κήρυκα","κῆρυξ"
"61","02","05","V","3AAI-S","ἐφύλαξεν,","ἐφύλαξεν","ἐφύλαξε(ν)","φυλάσσω"
"61","02","05","N","ASM","κατακλυσμὸν","κατακλυσμὸν","κατακλυσμόν","κατακλυσμός"
"61","02","05","N","DSM","κόσμῳ","κόσμῳ","κόσμῳ","κόσμος"
"61","02","05","A","GPM","ἀσεβῶν","ἀσεβῶν","ἀσεβῶν","ἀσεβής"
"61","02","05","V","AAPNSM","ἐπάξας,","ἐπάξας","ἐπάξας","ἐπάγω"
"61","02","06","C","","καὶ","καὶ","καί","καί"
"61","02","06","N","APF","πόλεις","πόλεις","πόλεις","πόλις"
"61","02","06","N","GPN","Σοδόμων","Σοδόμων","Σοδόμων","Σόδομα"
"61","02","06","C","","καὶ","καὶ","καί","καί"
"61","02","06","N","GSF","Γομόρρας","Γομόρρας","Γομόρρας","Γόμορρα"
"61","02","06","V","AAPNSM","τεφρώσας","τεφρώσας","τεφρώσας","τεφρόω"
"61","02","06","N","DSF","⸀καταστροφῇ","καταστροφῇ","καταστροφῇ","καταστροφή"
"61","02","06","V","3AAI-S","κατέκρινεν,","κατέκρινεν","κατέκρινε(ν)","κατακρίνω"
"61","02","06","N","ASN","ὑπόδειγμα","ὑπόδειγμα","ὑπόδειγμα","ὑπόδειγμα"
"61","02","06","V","PAPGPN","μελλόντων","μελλόντων","μελλόντων","μέλλω"
"61","02","06","A","DPM","⸀ἀσεβέσιν","ἀσεβέσιν","ἀσεβέσι(ν)","ἀσεβής"
"61","02","06","V","XAPNSM","τεθεικώς,","τεθεικώς","τεθεικώς","τίθημι"
"61","02","07","C","","καὶ","καὶ","καί","καί"
"61","02","07","A","ASM","δίκαιον","δίκαιον","δίκαιον","δίκαιος"
"61","02","07","N","ASM","Λὼτ","Λὼτ","Λώτ","Λώτ"
"61","02","07","V","PPPASM","καταπονούμενον","καταπονούμενον","καταπονούμενον","καταπονέω"
"61","02","07","P","","ὑπὸ","ὑπὸ","ὑπό","ὑπό"
"61","02","07","RA","GSF","τῆς","τῆς","τῆς","ὁ"
"61","02","07","RA","GPM","τῶν","τῶν","τῶν","ὁ"
"61","02","07","A","GPM","ἀθέσμων","ἀθέσμων","ἀθέσμων","ἄθεσμος"
"61","02","07","P","","ἐν","ἐν","ἐν","ἐν"
"61","02","07","N","DSF","ἀσελγείᾳ","ἀσελγείᾳ","ἀσελγείᾳ","ἀσέλγεια"
"61","02","07","N","GSF","ἀναστροφῆς","ἀναστροφῆς","ἀναστροφῆς","ἀναστροφή"
"61","02","07","V","3AMI-S","ἐρρύσατο—","ἐρρύσατο","ἐρρύσατο","ῥύομαι"
"61","02","08","N","DSN","βλέμματι","βλέμματι","βλέμματι","βλέμμα"
"61","02","08","C","","γὰρ","γὰρ","γάρ","γάρ"
"61","02","08","C","","καὶ","καὶ","καί","καί"
"61","02","08","N","DSF","ἀκοῇ","ἀκοῇ","ἀκοῇ","ἀκοή"
"61","02","08","RA","NSM","⸀ὁ","ὁ","ὁ","ὁ"
"61","02","08","A","NSM","δίκαιος","δίκαιος","δίκαιος","δίκαιος"
"61","02","08","V","PAPNSM","ἐγκατοικῶν","ἐγκατοικῶν","ἐγκατοικῶν","ἐγκατοικέω"
"61","02","08","P","","ἐν","ἐν","ἐν","ἐν"
"61","02","08","RP","DPM","αὐτοῖς","αὐτοῖς","αὐτοῖς","αὐτός"
"61","02","08","N","ASF","ἡμέραν","ἡμέραν","ἡμέραν","ἡμέρα"
"61","02","08","P","","ἐξ","ἐξ","ἐκ","ἐκ"
"61","02","08","N","GSF","ἡμέρας","ἡμέρας","ἡμέρας","ἡμέρα"
"61","02","08","N","ASF","ψυχὴν","ψυχὴν","ψυχήν","ψυχή"
"61","02","08","A","ASF","δικαίαν","δικαίαν","δικαίαν","δίκαιος"
"61","02","08","A","DPN","ἀνόμοις","ἀνόμοις","ἀνόμοις","ἄνομος"
"61","02","08","N","DPN","ἔργοις","ἔργοις","ἔργοις","ἔργον"
"61","02","08","V","3IAI-S","ἐβασάνιζεν—","ἐβασάνιζεν","ἐβασάνιζε(ν)","βασανίζω"
"61","02","09","V","3XAI-S","οἶδεν","οἶδεν","οἶδε(ν)","οἶδα"
"61","02","09","N","NSM","κύριος","κύριος","κύριος","κύριος"
"61","02","09","A","APM","εὐσεβεῖς","εὐσεβεῖς","εὐσεβεῖς","εὐσεβής"
"61","02","09","P","","ἐκ","ἐκ","ἐκ","ἐκ"
"61","02","09","N","GSM","πειρασμοῦ","πειρασμοῦ","πειρασμοῦ","πειρασμός"
"61","02","09","V","PMN","ῥύεσθαι,","ῥύεσθαι","ῥύεσθαι","ῥύομαι"
"61","02","09","A","APM","ἀδίκους","ἀδίκους","ἀδίκους","ἄδικος"
"61","02","09","C","","δὲ","δὲ","δέ","δέ"
"61","02","09","P","","εἰς","εἰς","εἰς","εἰς"
"61","02","09","N","ASF","ἡμέραν","ἡμέραν","ἡμέραν","ἡμέρα"
"61","02","09","N","GSF","κρίσεως","κρίσεως","κρίσεως","κρίσις"
"61","02","09","V","PPPAPM","κολαζομένους","κολαζομένους","κολαζομένους","κολάζω"
"61","02","09","V","PAN","τηρεῖν,","τηρεῖν","τηρεῖν","τηρέω"
"61","02","10","D","","μάλιστα","μάλιστα","μάλιστα","μάλιστα"
"61","02","10","C","","δὲ","δὲ","δέ","δέ"
"61","02","10","RA","APM","τοὺς","τοὺς","τούς","ὁ"
"61","02","10","P","","ὀπίσω","ὀπίσω","ὀπίσω","ὀπίσω"
"61","02","10","N","GSF","σαρκὸς","σαρκὸς","σαρκός","σάρξ"
"61","02","10","P","","ἐν","ἐν","ἐν","ἐν"
"61","02","10","N","DSF","ἐπιθυμίᾳ","ἐπιθυμίᾳ","ἐπιθυμίᾳ","ἐπιθυμία"
"61","02","10","N","GSM","μιασμοῦ","μιασμοῦ","μιασμοῦ","μιασμός"
"61","02","10","V","PMPAPM","πορευομένους","πορευομένους","πορευομένους","πορεύομαι"
"61","02","10","C","","καὶ","καὶ","καί","καί"
"61","02","10","N","GSF","κυριότητος","κυριότητος","κυριότητος","κυριότης"
"61","02","10","V","PAPAPM","καταφρονοῦντας.","καταφρονοῦντας","καταφρονοῦντας","καταφρονέω"
"61","02","10","N","NPM","Τολμηταί,","Τολμηταί","τολμηταί","τολμητής"
"61","02","10","A","NPM","αὐθάδεις,","αὐθάδεις","αὐθάδεις","αὐθάδης"
"61","02","10","N","APF","δόξας","δόξας","δόξας","δόξα"
"61","02","10","D","","οὐ","οὐ","οὐ","οὐ"
"61","02","10","V","3PAI-P","τρέμουσιν,","τρέμουσιν","τρέμουσι(ν)","τρέμω"
"61","02","10","V","PAPNPM","βλασφημοῦντες,","βλασφημοῦντες","βλασφημοῦντες","βλασφημέω"
"61","02","11","C","","ὅπου","ὅπου","ὅπου","ὅπου"
"61","02","11","N","NPM","ἄγγελοι","ἄγγελοι","ἄγγελοι","ἄγγελος"
"61","02","11","N","DSF","ἰσχύϊ","ἰσχύϊ","ἰσχύϊ","ἰσχύς"
"61","02","11","C","","καὶ","καὶ","καί","καί"
"61","02","11","N","DSF","δυνάμει","δυνάμει","δυνάμει","δύναμις"
"61","02","11","A","NPMC","μείζονες","μείζονες","μείζονες","μείζων"
"61","02","11","V","PAPNPM","ὄντες","ὄντες","ὄντες","εἰμί"
"61","02","11","D","","οὐ","οὐ","οὐ","οὐ"
"61","02","11","V","3PAI-P","φέρουσιν","φέρουσιν","φέρουσι(ν)","φέρω"
"61","02","11","P","","κατ’","κατ’","κατά","κατά"
"61","02","11","RP","GPM","⸀αὐτῶν","αὐτῶν","αὐτῶν","αὐτός"
"61","02","11","A","ASF","βλάσφημον","βλάσφημον","βλάσφημον","βλάσφημος"
"61","02","11","N","ASF","κρίσιν.","κρίσιν","κρίσιν","κρίσις"
"61","02","12","RD","NPM","οὗτοι","οὗτοι","οὗτοι","οὗτος"
"61","02","12","C","","δέ,","δέ","δέ","δέ"
"61","02","12","C","","ὡς","ὡς","ὡς","ὡς"
"61","02","12","A","NPN","ἄλογα","ἄλογα","ἄλογα","ἄλογος"
"61","02","12","N","NPN","ζῷα","ζῷα","ζῷα","ζῷον"
"61","02","12","V","XPPNPN","⸂γεγεννημένα","γεγεννημένα","γεγεννημένα","γεννάω"
"61","02","12","A","NPN","φυσικὰ⸃","φυσικὰ","φυσικά","φυσικός"
"61","02","12","P","","εἰς","εἰς","εἰς","εἰς"
"61","02","12","N","ASF","ἅλωσιν","ἅλωσιν","ἅλωσιν","ἅλωσις"
"61","02","12","C","","καὶ","καὶ","καί","καί"
"61","02","12","N","ASF","φθοράν,","φθοράν","φθοράν","φθορά"
"61","02","12","P","","ἐν","ἐν","ἐν","ἐν"
"61","02","12","RR","DPN","οἷς","οἷς","οἷς","ὅς"
"61","02","12","V","3PAI-P","ἀγνοοῦσιν","ἀγνοοῦσιν","ἀγνοοῦσι(ν)","ἀγνοέω"
"61","02","12","V","PAPNPM","βλασφημοῦντες,","βλασφημοῦντες","βλασφημοῦντες","βλασφημέω"
"61","02","12","P","","ἐν","ἐν","ἐν","ἐν"
"61","02","12","RA","DSF","τῇ","τῇ","τῇ","ὁ"
"61","02","12","N","DSF","φθορᾷ","φθορᾷ","φθορᾷ","φθορά"
"61","02","12","RP","GPM","αὐτῶν","αὐτῶν","αὐτῶν","αὐτός"
"61","02","12","D","","⸂καὶ","καὶ","καί","καί"
"61","02","12","V","3FPI-P","φθαρήσονται⸃,","φθαρήσονται","φθαρήσονται","φθείρω"
"61","02","13","V","PMPNPM","⸀ἀδικούμενοι","ἀδικούμενοι","ἀδικούμενοι","ἀδικέω"
"61","02","13","N","ASM","μισθὸν","μισθὸν","μισθόν","μισθός"
"61","02","13","N","GSF","ἀδικίας·","ἀδικίας","ἀδικίας","ἀδικία"
"61","02","13","N","ASF","ἡδονὴν","ἡδονὴν","ἡδονήν","ἡδονή"
"61","02","13","V","PMPNPM","ἡγούμενοι","ἡγούμενοι","ἡγούμενοι","ἡγέομαι"
"61","02","13","RA","ASF","τὴν","τὴν","τήν","ὁ"
"61","02","13","P","","ἐν","ἐν","ἐν","ἐν"
"61","02","13","N","DSF","ἡμέρᾳ","ἡμέρᾳ","ἡμέρᾳ","ἡμέρα"
"61","02","13","N","ASF","τρυφήν,","τρυφήν","τρυφήν","τρυφή"
"61","02","13","N","NPM","σπίλοι","σπίλοι","σπίλοι","σπίλος"
"61","02","13","C","","καὶ","καὶ","καί","καί"
"61","02","13","N","NPM","μῶμοι","μῶμοι","μῶμοι","μῶμος"
"61","02","13","V","PAPNPM","ἐντρυφῶντες","ἐντρυφῶντες","ἐντρυφῶντες","ἐντρυφάω"
"61","02","13","P","","ἐν","ἐν","ἐν","ἐν"
"61","02","13","RA","DPF","ταῖς","ταῖς","ταῖς","ὁ"
"61","02","13","N","DPF","⸀ἀπάταις","ἀπάταις","ἀπάταις","ἀπάτη"
"61","02","13","RP","GPM","αὐτῶν","αὐτῶν","αὐτῶν","αὐτός"
"61","02","13","V","PMPNPM","συνευωχούμενοι","συνευωχούμενοι","συνευωχούμενοι","συνευωχέομαι"
"61","02","13","RP","DP","ὑμῖν,","ὑμῖν","ὑμῖν","σύ"
"61","02","14","N","APM","ὀφθαλμοὺς","ὀφθαλμοὺς","ὀφθαλμούς","ὀφθαλμός"
"61","02","14","V","PAPNPM","ἔχοντες","ἔχοντες","ἔχοντες","ἔχω"
"61","02","14","A","APM","μεστοὺς","μεστοὺς","μεστούς","μεστός"
"61","02","14","A","GSF","μοιχαλίδος","μοιχαλίδος","μοιχαλίδος","μοιχαλίς"
"61","02","14","C","","καὶ","καὶ","καί","καί"
"61","02","14","A","APM","⸀ἀκαταπαύστους","ἀκαταπαύστους","ἀκαταπαύστους","ἀκατάπαυστος"
"61","02","14","N","GSF","ἁμαρτίας,","ἁμαρτίας","ἁμαρτίας","ἁμαρτία"
"61","02","14","V","PAPNPM","δελεάζοντες","δελεάζοντες","δελεάζοντες","δελεάζω"
"61","02","14","N","APF","ψυχὰς","ψυχὰς","ψυχάς","ψυχή"
"61","02","14","A","APF","ἀστηρίκτους,","ἀστηρίκτους","ἀστηρίκτους","ἀστήρικτος"
"61","02","14","N","ASF","καρδίαν","καρδίαν","καρδίαν","καρδία"
"61","02","14","V","XPPASF","γεγυμνασμένην","γεγυμνασμένην","γεγυμνασμένην","γυμνάζω"
"61","02","14","N","GSF","πλεονεξίας","πλεονεξίας","πλεονεξίας","πλεονεξία"
"61","02","14","V","PAPNPM","ἔχοντες,","ἔχοντες","ἔχοντες","ἔχω"
"61","02","14","N","GSF","κατάρας","κατάρας","κατάρας","κατάρα"
"61","02","14","N","NPN","τέκνα,","τέκνα","τέκνα","τέκνον"
"61","02","15","V","AAPNPM","⸀καταλιπόντες","καταλιπόντες","καταλιπόντες","καταλείπω"
"61","02","15","A","ASF","εὐθεῖαν","εὐθεῖαν","εὐθεῖαν","εὐθύς"
"61","02","15","N","ASF","ὁδὸν","ὁδὸν","ὁδόν","ὁδός"
"61","02","15","V","3API-P","ἐπλανήθησαν,","ἐπλανήθησαν","ἐπλανήθησαν","πλανάω"
"61","02","15","V","AAPNPM","ἐξακολουθήσαντες","ἐξακολουθήσαντες","ἐξακολουθήσαντες","ἐξακολουθέω"
"61","02","15","RA","DSF","τῇ","τῇ","τῇ","ὁ"
"61","02","15","N","DSF","ὁδῷ","ὁδῷ","ὁδῷ","ὁδός"
"61","02","15","RA","GSM","τοῦ","τοῦ","τοῦ","ὁ"
"61","02","15","N","GSM","Βαλαὰμ","Βαλαὰμ","Βαλαάμ","Βαλαάμ"
"61","02","15","RA","GSM","τοῦ","τοῦ","τοῦ","ὁ"
"61","02","15","N","GSM","⸀Βοσὸρ","Βοσὸρ","Βοσόρ","Βοσόρ"
"61","02","15","RR","NSM","ὃς","ὃς","ὅς","ὅς"
"61","02","15","N","ASM","μισθὸν","μισθὸν","μισθόν","μισθός"
"61","02","15","N","GSF","ἀδικίας","ἀδικίας","ἀδικίας","ἀδικία"
"61","02","15","V","3AAI-S","ἠγάπησεν","ἠγάπησεν","ἠγάπησε(ν)","ἀγαπάω"
"61","02","16","N","ASF","ἔλεγξιν","ἔλεγξιν","ἔλεγξιν","ἔλεγξις"
"61","02","16","C","","δὲ","δὲ","δέ","δέ"
"61","02","16","V","3AAI-S","ἔσχεν","ἔσχεν","ἔσχε(ν)","ἔχω"
"61","02","16","A","GSF","ἰδίας","ἰδίας","ἰδίας","ἴδιος"
"61","02","16","N","GSF","παρανομίας·","παρανομίας","παρανομίας","παρανομία"
"61","02","16","N","NSN","ὑποζύγιον","ὑποζύγιον","ὑποζύγιον","ὑποζύγιον"
"61","02","16","A","NSN","ἄφωνον","ἄφωνον","ἄφωνον","ἄφωνος"
"61","02","16","P","","ἐν","ἐν","ἐν","ἐν"
"61","02","16","N","GSM","ἀνθρώπου","ἀνθρώπου","ἀνθρώπου","ἄνθρωπος"
"61","02","16","N","DSF","φωνῇ","φωνῇ","φωνῇ","φωνή"
"61","02","16","V","AMPNSN","φθεγξάμενον","φθεγξάμενον","φθεγξάμενον","φθέγγομαι"
"61","02","16","V","3AAI-S","ἐκώλυσεν","ἐκώλυσεν","ἐκώλυσε(ν)","κωλύω"
"61","02","16","RA","ASF","τὴν","τὴν","τήν","ὁ"
"61","02","16","RA","GSM","τοῦ","τοῦ","τοῦ","ὁ"
"61","02","16","N","GSM","προφήτου","προφήτου","προφήτου","προφήτης"
"61","02","16","N","ASF","παραφρονίαν.","παραφρονίαν","παραφρονίαν","παραφρονία"
"61","02","17","RD","NPM","Οὗτοί","Οὗτοί","οὗτοι","οὗτος"
"61","02","17","V","3PAI-P","εἰσιν","εἰσιν","εἰσί(ν)","εἰμί"
"61","02","17","N","NPF","πηγαὶ","πηγαὶ","πηγαί","πηγή"
"61","02","17","A","NPF","ἄνυδροι","ἄνυδροι","ἄνυδροι","ἄνυδρος"
"61","02","17","C","","⸂καὶ","καὶ","καί","καί"
"61","02","17","N","NPF","ὁμίχλαι⸃","ὁμίχλαι","ὁμίχλαι","ὁμίχλη"
"61","02","17","P","","ὑπὸ","ὑπὸ","ὑπό","ὑπό"
"61","02","17","N","GSF","λαίλαπος","λαίλαπος","λαίλαπος","λαῖλαψ"
"61","02","17","V","PPPNPF","ἐλαυνόμεναι,","ἐλαυνόμεναι","ἐλαυνόμεναι","ἐλαύνω"
"61","02","17","RR","DPM","οἷς","οἷς","οἷς","ὅς"
"61","02","17","RA","NSM","ὁ","ὁ","ὁ","ὁ"
"61","02","17","N","NSM","ζόφος","ζόφος","ζόφος","ζόφος"
"61","02","17","RA","GSN","τοῦ","τοῦ","τοῦ","ὁ"
"61","02","17","N","GSN","⸀σκότους","σκότους","σκότους","σκότος"
"61","02","17","V","3XPI-S","τετήρηται.","τετήρηται","τετήρηται","τηρέω"
"61","02","18","A","APN","ὑπέρογκα","ὑπέρογκα","ὑπέρογκα","ὑπέρογκος"
"61","02","18","C","","γὰρ","γὰρ","γάρ","γάρ"
"61","02","18","N","GSF","ματαιότητος","ματαιότητος","ματαιότητος","ματαιότης"
"61","02","18","V","PMPNPM","φθεγγόμενοι","φθεγγόμενοι","φθεγγόμενοι","φθέγγομαι"
"61","02","18","V","3PAI-P","δελεάζουσιν","δελεάζουσιν","δελεάζουσι(ν)","δελεάζω"
"61","02","18","P","","ἐν","ἐν","ἐν","ἐν"
"61","02","18","N","DPF","ἐπιθυμίαις","ἐπιθυμίαις","ἐπιθυμίαις","ἐπιθυμία"
"61","02","18","N","GSF","σαρκὸς","σαρκὸς","σαρκός","σάρξ"
"61","02","18","N","DPF","ἀσελγείαις","ἀσελγείαις","ἀσελγείαις","ἀσέλγεια"
"61","02","18","RA","APM","τοὺς","τοὺς","τούς","ὁ"
"61","02","18","D","","⸀ὀλίγως","ὀλίγως","ὀλίγως","ὀλίγως"
"61","02","18","V","PAPAPM","⸀ἀποφεύγοντας","ἀποφεύγοντας","ἀποφεύγοντας","ἀποφεύγω"
"61","02","18","RA","APM","τοὺς","τοὺς","τούς","ὁ"
"61","02","18","P","","ἐν","ἐν","ἐν","ἐν"
"61","02","18","N","DSF","πλάνῃ","πλάνῃ","πλάνῃ","πλάνη"
"61","02","18","V","PPPAPM","ἀναστρεφομένους,","ἀναστρεφομένους","ἀναστρεφομένους","ἀναστρέφω"
"61","02","19","N","ASF","ἐλευθερίαν","ἐλευθερίαν","ἐλευθερίαν","ἐλευθερία"
"61","02","19","RP","DPM","αὐτοῖς","αὐτοῖς","αὐτοῖς","αὐτός"
"61","02","19","V","PMPNPM","ἐπαγγελλόμενοι,","ἐπαγγελλόμενοι","ἐπαγγελλόμενοι","ἐπαγγέλλομαι"
"61","02","19","RP","NPM","αὐτοὶ","αὐτοὶ","αὐτοί","αὐτός"
"61","02","19","N","NPM","δοῦλοι","δοῦλοι","δοῦλοι","δοῦλος"
"61","02","19","V","PAPNPM","ὑπάρχοντες","ὑπάρχοντες","ὑπάρχοντες","ὑπάρχω"
"61","02","19","RA","GSF","τῆς","τῆς","τῆς","ὁ"
"61","02","19","N","GSF","φθορᾶς·","φθορᾶς","φθορᾶς","φθορά"
"61","02","19","RR","DSM","ᾧ","ᾧ","ᾧ","ὅς"
"61","02","19","C","","γάρ","γάρ","γάρ","γάρ"
"61","02","19","RI","NSM","τις","τις","τὶς","τις"
"61","02","19","V","3XMI-S","ἥττηται,","ἥττηται","ἥττηται","ἡττάομαι"
"61","02","19","RD","DSM","τούτῳ","τούτῳ","τούτῳ","οὗτος"
"61","02","19","C","","⸀καὶ","καὶ","καί","καί"
"61","02","19","V","3XPI-S","δεδούλωται.","δεδούλωται","δεδούλωται","δουλόω"
"61","02","20","C","","εἰ","εἰ","εἰ","εἰ"
"61","02","20","C","","γὰρ","γὰρ","γάρ","γάρ"
"61","02","20","V","AAPNPM","ἀποφυγόντες","ἀποφυγόντες","ἀποφυγόντες","ἀποφεύγω"
"61","02","20","RA","APN","τὰ","τὰ","τά","ὁ"
"61","02","20","N","APN","μιάσματα","μιάσματα","μιάσματα","μίασμα"
"61","02","20","RA","GSM","τοῦ","τοῦ","τοῦ","ὁ"
"61","02","20","N","GSM","κόσμου","κόσμου","κόσμου","κόσμος"
"61","02","20","P","","ἐν","ἐν","ἐν","ἐν"
"61","02","20","N","DSF","ἐπιγνώσει","ἐπιγνώσει","ἐπιγνώσει","ἐπίγνωσις"
"61","02","20","RA","GSM","τοῦ","τοῦ","τοῦ","ὁ"
"61","02","20","N","GSM","⸀κυρίου","κυρίου","κυρίου","κύριος"
"61","02","20","C","","καὶ","καὶ","καί","καί"
"61","02","20","N","GSM","σωτῆρος","σωτῆρος","σωτῆρος","σωτήρ"
"61","02","20","N","GSM","Ἰησοῦ","Ἰησοῦ","Ἰησοῦ","Ἰησοῦς"
"61","02","20","N","GSM","Χριστοῦ","Χριστοῦ","Χριστοῦ","Χριστός"
"61","02","20","RD","DPN","τούτοις","τούτοις","τούτοις","οὗτος"
"61","02","20","C","","δὲ","δὲ","δέ","δέ"
"61","02","20","D","","πάλιν","πάλιν","πάλιν","πάλιν"
"61","02","20","V","APPNPM","ἐμπλακέντες","ἐμπλακέντες","ἐμπλακέντες","ἐμπλέκομαι"
"61","02","20","V","3XMI-P","ἡττῶνται,","ἡττῶνται","ἡττῶνται","ἡττάομαι"
"61","02","20","V","3XAI-S","γέγονεν","γέγονεν","γέγονε(ν)","γίνομαι"
"61","02","20","RP","DPM","αὐτοῖς","αὐτοῖς","αὐτοῖς","αὐτός"
"61","02","20","RA","NPN","τὰ","τὰ","τά","ὁ"
"61","02","20","A","NPN","ἔσχατα","ἔσχατα","ἔσχατα","ἔσχατος"
"61","02","20","A","NPNC","χείρονα","χείρονα","χείρονα","χείρων"
"61","02","20","RA","GPN","τῶν","τῶν","τῶν","ὁ"
"61","02","20","A","GPN","πρώτων.","πρώτων","πρώτων","πρῶτος"
"61","02","21","A","NSNC","κρεῖττον","κρεῖττον","κρεῖττον","κρείττων"
"61","02","21","C","","γὰρ","γὰρ","γάρ","γάρ"
"61","02","21","V","3IAI-S","ἦν","ἦν","ἦν","εἰμί"
"61","02","21","RP","DPM","αὐτοῖς","αὐτοῖς","αὐτοῖς","αὐτός"
"61","02","21","D","","μὴ","μὴ","μή","μή"
"61","02","21","V","XAN","ἐπεγνωκέναι","ἐπεγνωκέναι","ἐπεγνωκέναι","ἐπιγινώσκω"
"61","02","21","RA","ASF","τὴν","τὴν","τήν","ὁ"
"61","02","21","N","ASF","ὁδὸν","ὁδὸν","ὁδόν","ὁδός"
"61","02","21","RA","GSF","τῆς","τῆς","τῆς","ὁ"
"61","02","21","N","GSF","δικαιοσύνης","δικαιοσύνης","δικαιοσύνης","δικαιοσύνη"
"61","02","21","C","","ἢ","ἢ","ἤ","ἤ"
"61","02","21","V","AAPDPM","ἐπιγνοῦσιν","ἐπιγνοῦσιν","ἐπιγνοῦσι(ν)","ἐπιγινώσκω"
"61","02","21","V","AAN","⸀ὑποστρέψαι","ὑποστρέψαι","ὑποστρέψαι","ὑποστρέφω"
"61","02","21","P","","ἐκ","ἐκ","ἐκ","ἐκ"
"61","02","21","RA","GSF","τῆς","τῆς","τῆς","ὁ"
"61","02","21","V","APPGSF","παραδοθείσης","παραδοθείσης","παραδοθείσης","παραδίδωμι"
"61","02","21","RP","DPM","αὐτοῖς","αὐτοῖς","αὐτοῖς","αὐτός"
"61","02","21","A","GSF","ἁγίας","ἁγίας","ἁγίας","ἅγιος"
"61","02","21","N","GSF","ἐντολῆς·","ἐντολῆς","ἐντολῆς","ἐντολή"
"61","02","22","V","3XAI-S","⸀συμβέβηκεν","συμβέβηκεν","συμβέβηκε(ν)","συμβαίνω"
"61","02","22","RP","DPM","αὐτοῖς","αὐτοῖς","αὐτοῖς","αὐτός"
"61","02","22","RA","NSN","τὸ","τὸ","τό","ὁ"
"61","02","22","RA","GSF","τῆς","τῆς","τῆς","ὁ"
"61","02","22","A","GSF","ἀληθοῦς","ἀληθοῦς","ἀληθοῦς","ἀληθής"
"61","02","22","N","GSF","παροιμίας·","παροιμίας","παροιμίας","παροιμία"
"61","02","22","N","NSM","Κύων","Κύων","κύων","κύων"
"61","02","22","V","AAPNSM","ἐπιστρέψας","ἐπιστρέψας","ἐπιστρέψας","ἐπιστρέφω"
"61","02","22","P","","ἐπὶ","ἐπὶ","ἐπί","ἐπί"
"61","02","22","RA","ASN","τὸ","τὸ","τό","ὁ"
"61","02","22","A","ASN","ἴδιον","ἴδιον","ἴδιον","ἴδιος"
"61","02","22","N","ASN","ἐξέραμα,","ἐξέραμα","ἐξέραμα","ἐξέραμα"
"61","02","22","C","","καί·","καί","καί","καί"
"61","02","22","N","NSF","Ὗς","Ὗς","ὗς","ὗς"
"61","02","22","V","AMPNSF","λουσαμένη","λουσαμένη","λουσαμένη","λούω"
"61","02","22","P","","εἰς","εἰς","εἰς","εἰς"
"61","02","22","N","ASM","⸀κυλισμὸν","κυλισμὸν","κυλισμόν","κυλισμός"
"61","02","22","N","GSM","βορβόρου.","βορβόρου","βορβόρου","βόρβορος"
"61","03","01","RD","ASF","Ταύτην","Ταύτην","ταύτην","οὗτος"
"61","03","01","D","","ἤδη,","ἤδη","ἤδη","ἤδη"
"61","03","01","A","VPM","ἀγαπητοί,","ἀγαπητοί","ἀγαπητοί","ἀγαπητός"
"61","03","01","A","ASF","δευτέραν","δευτέραν","δευτέραν","δεύτερος"
"61","03","01","RP","DP","ὑμῖν","ὑμῖν","ὑμῖν","σύ"
"61","03","01","V","1PAI-S","γράφω","γράφω","γράφω","γράφω"
"61","03","01","N","ASF","ἐπιστολήν,","ἐπιστολήν","ἐπιστολήν","ἐπιστολή"
"61","03","01","P","","ἐν","ἐν","ἐν","ἐν"
"61","03","01","RR","DPF","αἷς","αἷς","αἷς","ὅς"
"61","03","01","V","1PAI-S","διεγείρω","διεγείρω","διεγείρω","διεγείρω"
"61","03","01","RP","GP","ὑμῶν","ὑμῶν","ὑμῶν","σύ"
"61","03","01","P","","ἐν","ἐν","ἐν","ἐν"
"61","03","01","N","DSF","ὑπομνήσει","ὑπομνήσει","ὑπομνήσει","ὑπόμνησις"
"61","03","01","RA","ASF","τὴν","τὴν","τήν","ὁ"
"61","03","01","A","ASF","εἰλικρινῆ","εἰλικρινῆ","εἰλικρινῆ","εἰλικρινής"
"61","03","01","N","ASF","διάνοιαν,","διάνοιαν","διάνοιαν","διάνοια"
"61","03","02","V","APN","μνησθῆναι","μνησθῆναι","μνησθῆναι","μιμνῄσκομαι"
"61","03","02","RA","GPN","τῶν","τῶν","τῶν","ὁ"
"61","03","02","V","XPPGPN","προειρημένων","προειρημένων","προειρημένων","προλέγω"
"61","03","02","N","GPN","ῥημάτων","ῥημάτων","ῥημάτων","ῥῆμα"
"61","03","02","P","","ὑπὸ","ὑπὸ","ὑπό","ὑπό"
"61","03","02","RA","GPM","τῶν","τῶν","τῶν","ὁ"
"61","03","02","A","GPM","ἁγίων","ἁγίων","ἁγίων","ἅγιος"
"61","03","02","N","GPM","προφητῶν","προφητῶν","προφητῶν","προφήτης"
"61","03","02","C","","καὶ","καὶ","καί","καί"
"61","03","02","RA","GSF","τῆς","τῆς","τῆς","ὁ"
"61","03","02","RA","GPM","τῶν","τῶν","τῶν","ὁ"
"61","03","02","N","GPM","ἀποστόλων","ἀποστόλων","ἀποστόλων","ἀπόστολος"
"61","03","02","RP","GP","ὑμῶν","ὑμῶν","ὑμῶν","σύ"
"61","03","02","N","GSF","ἐντολῆς","ἐντολῆς","ἐντολῆς","ἐντολή"
"61","03","02","RA","GSM","τοῦ","τοῦ","τοῦ","ὁ"
"61","03","02","N","GSM","κυρίου","κυρίου","κυρίου","κύριος"
"61","03","02","C","","καὶ","καὶ","καί","καί"
"61","03","02","N","GSM","σωτῆρος,","σωτῆρος","σωτῆρος","σωτήρ"
"61","03","03","RD","ASN","τοῦτο","τοῦτο","τοῦτο","οὗτος"
"61","03","03","A","ASN","πρῶτον","πρῶτον","πρῶτον","πρῶτος"
"61","03","03","V","PAPNPM","γινώσκοντες","γινώσκοντες","γινώσκοντες","γινώσκω"
"61","03","03","D","","ὅτι","ὅτι","ὅτι","ὅτι"
"61","03","03","V","3FMI-P","ἐλεύσονται","ἐλεύσονται","ἐλεύσονται","ἔρχομαι"
"61","03","03","P","","ἐπ’","ἐπ’","ἐπί","ἐπί"
"61","03","03","A","GPF","⸀ἐσχάτων","ἐσχάτων","ἐσχάτων","ἔσχατος"
"61","03","03","RA","GPF","τῶν","τῶν","τῶν","ὁ"
"61","03","03","N","GPF","ἡμερῶν","ἡμερῶν","ἡμερῶν","ἡμέρα"
"61","03","03","P","","⸂ἐν","ἐν","ἐν","ἐν"
"61","03","03","N","DSF","ἐμπαιγμονῇ⸃","ἐμπαιγμονῇ","ἐμπαιγμονῇ","ἐμπαιγμονή"
"61","03","03","N","NPM","ἐμπαῖκται","ἐμπαῖκται","ἐμπαῖκται","ἐμπαίκτης"
"61","03","03","P","","κατὰ","κατὰ","κατά","κατά"
"61","03","03","RA","APF","τὰς","τὰς","τάς","ὁ"
"61","03","03","A","APF","ἰδίας","ἰδίας","ἰδίας","ἴδιος"
"61","03","03","N","APF","ἐπιθυμίας","ἐπιθυμίας","ἐπιθυμίας","ἐπιθυμία"
"61","03","03","RP","GPM","αὐτῶν","αὐτῶν","αὐτῶν","αὐτός"
"61","03","03","V","PMPNPM","πορευόμενοι","πορευόμενοι","πορευόμενοι","πορεύομαι"
"61","03","04","C","","καὶ","καὶ","καί","καί"
"61","03","04","V","PAPNPM","λέγοντες·","λέγοντες","λέγοντες","λέγω"
"61","03","04","D","","Ποῦ","Ποῦ","ποῦ","ποῦ"
"61","03","04","V","3PAI-S","ἐστιν","ἐστιν","ἐστί(ν)","εἰμί"
"61","03","04","RA","NSF","ἡ","ἡ","ἡ","ὁ"
"61","03","04","N","NSF","ἐπαγγελία","ἐπαγγελία","ἐπαγγελία","ἐπαγγελία"
"61","03","04","RA","GSF","τῆς","τῆς","τῆς","ὁ"
"61","03","04","N","GSF","παρουσίας","παρουσίας","παρουσίας","παρουσία"
"61","03","04","RP","GSM","αὐτοῦ;","αὐτοῦ","αὐτοῦ","αὐτός"
"61","03","04","P","","ἀφ’","ἀφ’","ἀπό","ἀπό"
"61","03","04","RR","GSF","ἧς","ἧς","ἧς","ὅς"
"61","03","04","C","","γὰρ","γὰρ","γάρ","γάρ"
"61","03","04","RA","NPM","οἱ","οἱ","οἱ","ὁ"
"61","03","04","N","NPM","πατέρες","πατέρες","πατέρες","πατήρ"
"61","03","04","V","3API-P","ἐκοιμήθησαν,","ἐκοιμήθησαν","ἐκοιμήθησαν","κοιμάομαι"
"61","03","04","A","NPN","πάντα","πάντα","πάντα","πᾶς"
"61","03","04","D","","οὕτως","οὕτως","οὕτω(ς)","οὕτω(ς)"
"61","03","04","V","3PAI-S","διαμένει","διαμένει","διαμένει","διαμένω"
"61","03","04","P","","ἀπ’","ἀπ’","ἀπό","ἀπό"
"61","03","04","N","GSF","ἀρχῆς","ἀρχῆς","ἀρχῆς","ἀρχή"
"61","03","04","N","GSF","κτίσεως.","κτίσεως","κτίσεως","κτίσις"
"61","03","05","V","3PAI-S","λανθάνει","λανθάνει","λανθάνει","λανθάνω"
"61","03","05","C","","γὰρ","γὰρ","γάρ","γάρ"
"61","03","05","RP","APM","αὐτοὺς","αὐτοὺς","αὐτούς","αὐτός"
"61","03","05","RD","NSN","τοῦτο","τοῦτο","τοῦτο","οὗτος"
"61","03","05","V","PAPAPM","θέλοντας","θέλοντας","θέλοντας","θέλω"
"61","03","05","D","","ὅτι","ὅτι","ὅτι","ὅτι"
"61","03","05","N","NPM","οὐρανοὶ","οὐρανοὶ","οὐρανοί","οὐρανός"
"61","03","05","V","3IAI-P","ἦσαν","ἦσαν","ἦσαν","εἰμί"
"61","03","05","D","","ἔκπαλαι","ἔκπαλαι","ἔκπαλαι","ἔκπαλαι"
"61","03","05","C","","καὶ","καὶ","καί","καί"
"61","03","05","N","NSF","γῆ","γῆ","γῆ","γῆ"
"61","03","05","P","","ἐξ","ἐξ","ἐκ","ἐκ"
"61","03","05","N","GSN","ὕδατος","ὕδατος","ὕδατος","ὕδωρ"
"61","03","05","C","","καὶ","καὶ","καί","καί"
"61","03","05","P","","δι’","δι’","διά","διά"
"61","03","05","N","GSN","ὕδατος","ὕδατος","ὕδατος","ὕδωρ"
"61","03","05","V","XAPNSF","συνεστῶσα","συνεστῶσα","συνεστῶσα","συνίστημι"
"61","03","05","RA","DSM","τῷ","τῷ","τῷ","ὁ"
"61","03","05","RA","GSM","τοῦ","τοῦ","τοῦ","ὁ"
"61","03","05","N","GSM","θεοῦ","θεοῦ","θεοῦ","θεός"
"61","03","05","N","DSM","λόγῳ,","λόγῳ","λόγῳ","λόγος"
"61","03","06","P","","δι’","δι’","διά","διά"
"61","03","06","RR","GPN","ὧν","ὧν","ὧν","ὅς"
"61","03","06","RA","NSM","ὁ","ὁ","ὁ","ὁ"
"61","03","06","D","","τότε","τότε","τότε","τότε"
"61","03","06","N","NSM","κόσμος","κόσμος","κόσμος","κόσμος"
"61","03","06","N","DSN","ὕδατι","ὕδατι","ὕδατι","ὕδωρ"
"61","03","06","V","APPNSM","κατακλυσθεὶς","κατακλυσθεὶς","κατακλυσθείς","κατακλύζω"
"61","03","06","V","3AMI-S","ἀπώλετο·","ἀπώλετο","ἀπώλετο","ἀπόλλυμι"
"61","03","07","RA","NPM","οἱ","οἱ","οἱ","ὁ"
"61","03","07","C","","δὲ","δὲ","δέ","δέ"
"61","03","07","D","","νῦν","νῦν","νῦν","νῦν"
"61","03","07","N","NPM","οὐρανοὶ","οὐρανοὶ","οὐρανοί","οὐρανός"
"61","03","07","C","","καὶ","καὶ","καί","καί"
"61","03","07","RA","NSF","ἡ","ἡ","ἡ","ὁ"
"61","03","07","N","NSF","γῆ","γῆ","γῆ","γῆ"
"61","03","07","RA","DSM","τῷ","τῷ","τῷ","ὁ"
"61","03","07","A","DSM","⸀αὐτῷ","αὐτῷ","αὐτῷ","αὐτός"
"61","03","07","N","DSM","λόγῳ","λόγῳ","λόγῳ","λόγος"
"61","03","07","V","XPPNPM","τεθησαυρισμένοι","τεθησαυρισμένοι","τεθησαυρισμένοι","θησαυρίζω"
"61","03","07","V","3PAI-P","εἰσὶν","εἰσὶν","εἰσί(ν)","εἰμί"
"61","03","07","N","DSN","πυρὶ","πυρὶ","πυρί","πῦρ"
"61","03","07","V","PPPNPM","τηρούμενοι","τηρούμενοι","τηρούμενοι","τηρέω"
"61","03","07","P","","εἰς","εἰς","εἰς","εἰς"
"61","03","07","N","ASF","ἡμέραν","ἡμέραν","ἡμέραν","ἡμέρα"
"61","03","07","N","GSF","κρίσεως","κρίσεως","κρίσεως","κρίσις"
"61","03","07","C","","καὶ","καὶ","καί","καί"
"61","03","07","N","GSF","ἀπωλείας","ἀπωλείας","ἀπωλείας","ἀπώλεια"
"61","03","07","RA","GPM","τῶν","τῶν","τῶν","ὁ"
"61","03","07","A","GPM","ἀσεβῶν","ἀσεβῶν","ἀσεβῶν","ἀσεβής"
"61","03","07","N","GPM","ἀνθρώπων.","ἀνθρώπων","ἀνθρώπων","ἄνθρωπος"
"61","03","08","A","NSN","Ἓν","Ἓν","ἕν","εἷς"
"61","03","08","C","","δὲ","δὲ","δέ","δέ"
"61","03","08","RD","NSN","τοῦτο","τοῦτο","τοῦτο","οὗτος"
"61","03","08","D","","μὴ","μὴ","μή","μή"
"61","03","08","V","3PAD-S","λανθανέτω","λανθανέτω","λανθανέτω","λανθάνω"
"61","03","08","RP","AP","ὑμᾶς,","ὑμᾶς","ὑμᾶς","σύ"
"61","03","08","A","VPM","ἀγαπητοί,","ἀγαπητοί","ἀγαπητοί","ἀγαπητός"
"61","03","08","D","","ὅτι","ὅτι","ὅτι","ὅτι"
"61","03","08","A","NSF","μία","μία","μία","εἷς"
"61","03","08","N","NSF","ἡμέρα","ἡμέρα","ἡμέρα","ἡμέρα"
"61","03","08","P","","παρὰ","παρὰ","παρά","παρά"
"61","03","08","N","DSM","κυρίῳ","κυρίῳ","κυρίῳ","κύριος"
"61","03","08","C","","ὡς","ὡς","ὡς","ὡς"
"61","03","08","A","NPN","χίλια","χίλια","χίλια","χίλιοι"
"61","03","08","N","NPN","ἔτη","ἔτη","ἔτη","ἔτος"
"61","03","08","C","","καὶ","καὶ","καί","καί"
"61","03","08","A","NPN","χίλια","χίλια","χίλια","χίλιοι"
"61","03","08","N","NPN","ἔτη","ἔτη","ἔτη","ἔτος"
"61","03","08","C","","ὡς","ὡς","ὡς","ὡς"
"61","03","08","N","NSF","ἡμέρα","ἡμέρα","ἡμέρα","ἡμέρα"
"61","03","08","A","NSF","μία.","μία","μία","εἷς"
"61","03","09","D","","οὐ","οὐ","οὐ","οὐ"
"61","03","09","V","3PAI-S","βραδύνει","βραδύνει","βραδύνει","βραδύνω"
"61","03","09","N","NSM","⸀κύριος","κύριος","κύριος","κύριος"
"61","03","09","RA","GSF","τῆς","τῆς","τῆς","ὁ"
"61","03","09","N","GSF","ἐπαγγελίας,","ἐπαγγελίας","ἐπαγγελίας","ἐπαγγελία"
"61","03","09","C","","ὥς","ὥς","ὡς","ὡς"
"61","03","09","RI","NPM","τινες","τινες","τινές","τις"
"61","03","09","N","ASF","βραδύτητα","βραδύτητα","βραδύτητα","βραδύτης"
"61","03","09","V","3PMI-P","ἡγοῦνται,","ἡγοῦνται","ἡγοῦνται","ἡγέομαι"
"61","03","09","C","","ἀλλὰ","ἀλλὰ","ἀλλά","ἀλλά"
"61","03","09","V","3PAI-S","μακροθυμεῖ","μακροθυμεῖ","μακροθυμεῖ","μακροθυμέω"
"61","03","09","P","","εἰς","εἰς","εἰς","εἰς"
"61","03","09","RP","AP","⸀ὑμᾶς,","ὑμᾶς","ὑμᾶς","σύ"
"61","03","09","D","","μὴ","μὴ","μή","μή"
"61","03","09","V","PMPNSM","βουλόμενός","βουλόμενός","βουλόμενος","βούλομαι"
"61","03","09","RI","APM","τινας","τινας","τινάς","τις"
"61","03","09","V","AMN","ἀπολέσθαι","ἀπολέσθαι","ἀπολέσθαι","ἀπόλλυμι"
"61","03","09","C","","ἀλλὰ","ἀλλὰ","ἀλλά","ἀλλά"
"61","03","09","A","APM","πάντας","πάντας","πάντας","πᾶς"
"61","03","09","P","","εἰς","εἰς","εἰς","εἰς"
"61","03","09","N","ASF","μετάνοιαν","μετάνοιαν","μετάνοιαν","μετάνοια"
"61","03","09","V","AAN","χωρῆσαι.","χωρῆσαι","χωρῆσαι","χωρέω"
"61","03","10","V","3FAI-S","ἥξει","ἥξει","ἥξει","ἥκω"
"61","03","10","C","","δὲ","δὲ","δέ","δέ"
"61","03","10","N","NSF","⸀ἡμέρα","ἡμέρα","ἡμέρα","ἡμέρα"
"61","03","10","N","GSM","κυρίου","κυρίου","κυρίου","κύριος"
"61","03","10","C","","ὡς","ὡς","ὡς","ὡς"
"61","03","10","N","NSM","⸀κλέπτης,","κλέπτης","κλέπτης","κλέπτης"
"61","03","10","P","","ἐν","ἐν","ἐν","ἐν"
"61","03","10","RR","DSF","ᾗ","ᾗ","ᾗ","ὅς"
"61","03","10","RA","NPM","οἱ","οἱ","οἱ","ὁ"
"61","03","10","N","NPM","οὐρανοὶ","οὐρανοὶ","οὐρανοί","οὐρανός"
"61","03","10","D","","ῥοιζηδὸν","ῥοιζηδὸν","ῥοιζηδόν","ῥοιζηδόν"
"61","03","10","V","3FMI-P","παρελεύσονται,","παρελεύσονται","παρελεύσονται","παρέρχομαι"
"61","03","10","N","NPN","στοιχεῖα","στοιχεῖα","στοιχεῖα","στοιχεῖον"
"61","03","10","C","","δὲ","δὲ","δέ","δέ"
"61","03","10","V","PPPNPN","καυσούμενα","καυσούμενα","καυσούμενα","καυσόομαι"
"61","03","10","V","3FPI-S","⸀λυθήσεται,","λυθήσεται","λυθήσεται","λύω"
"61","03","10","C","","καὶ","καὶ","καί","καί"
"61","03","10","N","NSF","γῆ","γῆ","γῆ","γῆ"
"61","03","10","C","","καὶ","καὶ","καί","καί"
"61","03","10","RA","NPN","τὰ","τὰ","τά","ὁ"
"61","03","10","P","","ἐν","ἐν","ἐν","ἐν"
"61","03","10","RP","DSF","αὐτῇ","αὐτῇ","αὐτῇ","αὐτός"
"61","03","10","N","NPN","ἔργα","ἔργα","ἔργα","ἔργον"
"61","03","10","V","3FPI-S","⸀εὑρεθήσεται.","εὑρεθήσεται","εὑρεθήσεται","εὑρίσκω"
"61","03","11","RD","GPN","Τούτων","Τούτων","τούτων","οὗτος"
"61","03","11","D","","⸀οὕτως","οὕτως","οὕτω(ς)","οὕτω(ς)"
"61","03","11","A","GPN","πάντων","πάντων","πάντων","πᾶς"
"61","03","11","V","PPPGPN","λυομένων","λυομένων","λυομένων","λύω"
"61","03","11","RI","APM","ποταποὺς","ποταποὺς","ποταπούς","ποταπός"
"61","03","11","V","3PAI-S","δεῖ","δεῖ","δεῖ","δέω"
"61","03","11","V","PAN","ὑπάρχειν","ὑπάρχειν","ὑπάρχειν","ὑπάρχω"
"61","03","11","RP","AP","ὑμᾶς","ὑμᾶς","ὑμᾶς","σύ"
"61","03","11","P","","ἐν","ἐν","ἐν","ἐν"
"61","03","11","A","DPF","ἁγίαις","ἁγίαις","ἁγίαις","ἅγιος"
"61","03","11","N","DPF","ἀναστροφαῖς","ἀναστροφαῖς","ἀναστροφαῖς","ἀναστροφή"
"61","03","11","C","","καὶ","καὶ","καί","καί"
"61","03","11","N","DPF","εὐσεβείαις,","εὐσεβείαις","εὐσεβείαις","εὐσέβεια"
"61","03","12","V","PAPAPM","προσδοκῶντας","προσδοκῶντας","προσδοκῶντας","προσδοκάω"
"61","03","12","C","","καὶ","καὶ","καί","καί"
"61","03","12","V","PAPAPM","σπεύδοντας","σπεύδοντας","σπεύδοντας","σπεύδω"
"61","03","12","RA","ASF","τὴν","τὴν","τήν","ὁ"
"61","03","12","N","ASF","παρουσίαν","παρουσίαν","παρουσίαν","παρουσία"
"61","03","12","RA","GSF","τῆς","τῆς","τῆς","ὁ"
"61","03","12","RA","GSM","τοῦ","τοῦ","τοῦ","ὁ"
"61","03","12","N","GSM","θεοῦ","θεοῦ","θεοῦ","θεός"
"61","03","12","N","GSF","ἡμέρας,","ἡμέρας","ἡμέρας","ἡμέρα"
"61","03","12","P","","δι’","δι’","διά","διά"
"61","03","12","RR","ASF","ἣν","ἣν","ἥν","ὅς"
"61","03","12","N","NPM","οὐρανοὶ","οὐρανοὶ","οὐρανοί","οὐρανός"
"61","03","12","V","PPPNPM","πυρούμενοι","πυρούμενοι","πυρούμενοι","πυρόομαι"
"61","03","12","V","3FPI-P","λυθήσονται","λυθήσονται","λυθήσονται","λύω"
"61","03","12","C","","καὶ","καὶ","καί","καί"
"61","03","12","N","NPN","στοιχεῖα","στοιχεῖα","στοιχεῖα","στοιχεῖον"
"61","03","12","V","PPPNPN","καυσούμενα","καυσούμενα","καυσούμενα","καυσόομαι"
"61","03","12","V","3PPI-S","τήκεται·","τήκεται","τήκεται","τήκομαι"
"61","03","13","A","APM","καινοὺς","καινοὺς","καινούς","καινός"
"61","03","13","C","","δὲ","δὲ","δέ","δέ"
"61","03","13","N","APM","οὐρανοὺς","οὐρανοὺς","οὐρανούς","οὐρανός"
"61","03","13","C","","καὶ","καὶ","καί","καί"
"61","03","13","N","ASF","γῆν","γῆν","γῆν","γῆ"
"61","03","13","A","ASF","καινὴν","καινὴν","καινήν","καινός"
"61","03","13","P","","κατὰ","κατὰ","κατά","κατά"
"61","03","13","RA","ASN","τὸ","τὸ","τό","ὁ"
"61","03","13","N","ASN","ἐπάγγελμα","ἐπάγγελμα","ἐπάγγελμα","ἐπάγγελμα"
"61","03","13","RP","GSM","αὐτοῦ","αὐτοῦ","αὐτοῦ","αὐτός"
"61","03","13","V","1PAI-P","προσδοκῶμεν,","προσδοκῶμεν","προσδοκῶμεν","προσδοκάω"
"61","03","13","P","","ἐν","ἐν","ἐν","ἐν"
"61","03","13","RR","DPM","οἷς","οἷς","οἷς","ὅς"
"61","03","13","N","NSF","δικαιοσύνη","δικαιοσύνη","δικαιοσύνη","δικαιοσύνη"
"61","03","13","V","3PAI-S","κατοικεῖ.","κατοικεῖ","κατοικεῖ","κατοικέω"
"61","03","14","C","","Διό,","Διό","διό","διό"
"61","03","14","A","VPM","ἀγαπητοί,","ἀγαπητοί","ἀγαπητοί","ἀγαπητός"
"61","03","14","RD","APN","ταῦτα","ταῦτα","ταῦτα","οὗτος"
"61","03","14","V","PAPNPM","προσδοκῶντες","προσδοκῶντες","προσδοκῶντες","προσδοκάω"
"61","03","14","V","2AAD-P","σπουδάσατε","σπουδάσατε","σπουδάσατε","σπουδάζω"
"61","03","14","A","NPM","ἄσπιλοι","ἄσπιλοι","ἄσπιλοι","ἄσπιλος"
"61","03","14","C","","καὶ","καὶ","καί","καί"
"61","03","14","A","NPM","ἀμώμητοι","ἀμώμητοι","ἀμώμητοι","ἀμώμητος"
"61","03","14","RP","DSM","αὐτῷ","αὐτῷ","αὐτῷ","αὐτός"
"61","03","14","V","APN","εὑρεθῆναι","εὑρεθῆναι","εὑρεθῆναι","εὑρίσκω"
"61","03","14","P","","ἐν","ἐν","ἐν","ἐν"
"61","03","14","N","DSF","εἰρήνῃ,","εἰρήνῃ","εἰρήνῃ","εἰρήνη"
"61","03","15","C","","καὶ","καὶ","καί","καί"
"61","03","15","RA","ASF","τὴν","τὴν","τήν","ὁ"
"61","03","15","RA","GSM","τοῦ","τοῦ","τοῦ","ὁ"
"61","03","15","N","GSM","κυρίου","κυρίου","κυρίου","κύριος"
"61","03","15","RP","GP","ἡμῶν","ἡμῶν","ἡμῶν","ἐγώ"
"61","03","15","N","ASF","μακροθυμίαν","μακροθυμίαν","μακροθυμίαν","μακροθυμία"
"61","03","15","N","ASF","σωτηρίαν","σωτηρίαν","σωτηρίαν","σωτηρία"
"61","03","15","V","2PMD-P","ἡγεῖσθε,","ἡγεῖσθε","ἡγεῖσθε","ἡγέομαι"
"61","03","15","C","","καθὼς","καθὼς","καθώς","καθώς"
"61","03","15","D","","καὶ","καὶ","καί","καί"
"61","03","15","RA","NSM","ὁ","ὁ","ὁ","ὁ"
"61","03","15","A","NSM","ἀγαπητὸς","ἀγαπητὸς","ἀγαπητός","ἀγαπητός"
"61","03","15","RP","GP","ἡμῶν","ἡμῶν","ἡμῶν","ἐγώ"
"61","03","15","N","NSM","ἀδελφὸς","ἀδελφὸς","ἀδελφός","ἀδελφός"
"61","03","15","N","NSM","Παῦλος","Παῦλος","Παῦλος","Παῦλος"
"61","03","15","P","","κατὰ","κατὰ","κατά","κατά"
"61","03","15","RA","ASF","τὴν","τὴν","τήν","ὁ"
"61","03","15","V","APPASF","⸂δοθεῖσαν","δοθεῖσαν","δοθεῖσαν","δίδωμι"
"61","03","15","RP","DSM","αὐτῷ⸃","αὐτῷ","αὐτῷ","αὐτός"
"61","03","15","N","ASF","σοφίαν","σοφίαν","σοφίαν","σοφία"
"61","03","15","V","3AAI-S","ἔγραψεν","ἔγραψεν","ἔγραψε(ν)","γράφω"
"61","03","15","RP","DP","ὑμῖν,","ὑμῖν","ὑμῖν","σύ"
"61","03","16","C","","ὡς","ὡς","ὡς","ὡς"
"61","03","16","D","","καὶ","καὶ","καί","καί"
"61","03","16","P","","ἐν","ἐν","ἐν","ἐν"
"61","03","16","A","DPF","πάσαις","πάσαις","πάσαις","πᾶς"
"61","03","16","RA","DPF","⸀ταῖς","ταῖς","ταῖς","ὁ"
"61","03","16","N","DPF","ἐπιστολαῖς","ἐπιστολαῖς","ἐπιστολαῖς","ἐπιστολή"
"61","03","16","V","PAPNSM","λαλῶν","λαλῶν","λαλῶν","λαλέω"
"61","03","16","P","","ἐν","ἐν","ἐν","ἐν"
"61","03","16","RP","DPF","αὐταῖς","αὐταῖς","αὐταῖς","αὐτός"
"61","03","16","P","","περὶ","περὶ","περί","περί"
"61","03","16","RD","GPN","τούτων,","τούτων","τούτων","οὗτος"
"61","03","16","P","","ἐν","ἐν","ἐν","ἐν"
"61","03","16","RR","DPF","⸀αἷς","αἷς","αἷς","ὅς"
"61","03","16","V","3PAI-S","ἐστιν","ἐστιν","ἐστί(ν)","εἰμί"
"61","03","16","A","NPN","δυσνόητά","δυσνόητά","δυσνόητα","δυσνόητος"
"61","03","16","RI","NPN","τινα,","τινα","τινά","τις"
"61","03","16","RR","APN","ἃ","ἃ","ἅ","ὅς"
"61","03","16","RA","NPM","οἱ","οἱ","οἱ","ὁ"
"61","03","16","A","NPM","ἀμαθεῖς","ἀμαθεῖς","ἀμαθεῖς","ἀμαθής"
"61","03","16","C","","καὶ","καὶ","καί","καί"
"61","03","16","A","NPM","ἀστήρικτοι","ἀστήρικτοι","ἀστήρικτοι","ἀστήρικτος"
"61","03","16","V","3PAI-P","στρεβλοῦσιν","στρεβλοῦσιν","στρεβλοῦσι(ν)","στρεβλόω"
"61","03","16","C","","ὡς","ὡς","ὡς","ὡς"
"61","03","16","D","","καὶ","καὶ","καί","καί"
"61","03","16","RA","APF","τὰς","τὰς","τάς","ὁ"
"61","03","16","A","APF","λοιπὰς","λοιπὰς","λοιπάς","λοιπός"
"61","03","16","N","APF","γραφὰς","γραφὰς","γραφάς","γραφή"
"61","03","16","P","","πρὸς","πρὸς","πρός","πρός"
"61","03","16","RA","ASF","τὴν","τὴν","τήν","ὁ"
"61","03","16","A","ASF","ἰδίαν","ἰδίαν","ἰδίαν","ἴδιος"
"61","03","16","RP","GPM","αὐτῶν","αὐτῶν","αὐτῶν","αὐτός"
"61","03","16","N","ASF","ἀπώλειαν.","ἀπώλειαν","ἀπώλειαν","ἀπώλεια"
"61","03","17","RP","NP","ὑμεῖς","ὑμεῖς","ὑμεῖς","σύ"
"61","03","17","C","","οὖν,","οὖν","οὖν","οὖν"
"61","03","17","A","VPM","ἀγαπητοί,","ἀγαπητοί","ἀγαπητοί","ἀγαπητός"
"61","03","17","V","PAPNPM","προγινώσκοντες","προγινώσκοντες","προγινώσκοντες","προγινώσκω"
"61","03","17","V","2PMD-P","φυλάσσεσθε","φυλάσσεσθε","φυλάσσεσθε","φυλάσσω"
"61","03","17","C","","ἵνα","ἵνα","ἵνα","ἵνα"
"61","03","17","D","","μὴ","μὴ","μή","μή"
"61","03","17","RA","DSF","τῇ","τῇ","τῇ","ὁ"
"61","03","17","RA","GPM","τῶν","τῶν","τῶν","ὁ"
"61","03","17","A","GPM","ἀθέσμων","ἀθέσμων","ἀθέσμων","ἄθεσμος"
"61","03","17","N","DSF","πλάνῃ","πλάνῃ","πλάνῃ","πλάνη"
"61","03","17","V","APPNPM","συναπαχθέντες","συναπαχθέντες","συναπαχθέντες","συναπάγομαι"
"61","03","17","V","2AAS-P","ἐκπέσητε","ἐκπέσητε","ἐκπέσητε","ἐκπίπτω"
"61","03","17","RA","GSM","τοῦ","τοῦ","τοῦ","ὁ"
"61","03","17","A","GSM","ἰδίου","ἰδίου","ἰδίου","ἴδιος"
"61","03","17","N","GSM","στηριγμοῦ,","στηριγμοῦ","στηριγμοῦ","στηριγμός"
"61","03","18","V","2PAD-P","αὐξάνετε","αὐξάνετε","αὐξάνετε","αὐξάνω"
"61","03","18","C","","δὲ","δὲ","δέ","δέ"
"61","03","18","P","","ἐν","ἐν","ἐν","ἐν"
"61","03","18","N","DSF","χάριτι","χάριτι","χάριτι","χάρις"
"61","03","18","C","","καὶ","καὶ","καί","καί"
"61","03","18","N","DSF","γνώσει","γνώσει","γνώσει","γνῶσις"
"61","03","18","RA","GSM","τοῦ","τοῦ","τοῦ","ὁ"
"61","03","18","N","GSM","κυρίου","κυρίου","κυρίου","κύριος"
"61","03","18","RP","GP","ἡμῶν","ἡμῶν","ἡμῶν","ἐγώ"
"61","03","18","C","","καὶ","καὶ","καί","καί"
"61","03","18","N","GSM","σωτῆρος","σωτῆρος","σωτῆρος","σωτήρ"
"61","03","18","N","GSM","Ἰησοῦ","Ἰησοῦ","Ἰησοῦ","Ἰησοῦς"
"61","03","18","N","GSM","Χριστοῦ.","Χριστοῦ","Χριστοῦ","Χριστός"
"61","03","18","RP","DSM","αὐτῷ","αὐτῷ","αὐτῷ","αὐτός"
"61","03","18","RA","NSF","ἡ","ἡ","ἡ","ὁ"
"61","03","18","N","NSF","δόξα","δόξα","δόξα","δόξα"
"61","03","18","C","","καὶ","καὶ","καί","καί"
"61","03","18","D","","νῦν","νῦν","νῦν","νῦν"
"61","03","18","C","","καὶ","καὶ","καί","καί"
"61","03","18","P","","εἰς","εἰς","εἰς","εἰς"
"61","03","18","N","ASF","ἡμέραν","ἡμέραν","ἡμέραν","ἡμέρα"
"61","03","18","N","GSM","αἰῶνος.","αἰῶνος","αἰῶνος","αἰών"
"61","03","18","X","","⸀ἀμήν.","ἀμήν","ἀμήν","ἀμήν"